filename,path,sharpness_score
5.jpg,Original_Dataset/Orignal-Dataset\Red_Soil\5.jpg,13.352511894917852
213.jpg,Original_Dataset/Orignal-Dataset\Arid_Soil\213.jpg,14.151504883607537
49.jpg,Original_Dataset/Orignal-Dataset\Red_Soil\49.jpg,20.571677053453744
107.jpg,Original_Dataset/Orignal-Dataset\Arid_Soil\107.jpg,24.64774200902454
83.jpg,Original_Dataset/Orignal-Dataset\Mountain_Soil\83.jpg,25.712910239073707
143.jpg,Original_Dataset/Orignal-Dataset\Black_Soil\143.jpg,27.220414757644367
207a.jpg,Original_Dataset/Orignal-Dataset\Arid_Soil\207a.jpg,28.028063103548146
54.jpg,Original_Dataset/Orignal-Dataset\Yellow_Soil\54.jpg,33.17365723102495
14.jpg,Original_Dataset/Orignal-Dataset\Red_Soil\14.jpg,35.310326171704425
167.jpg,Original_Dataset/Orignal-Dataset\Black_Soil\167.jpg,37.93915973297876
68.jpg,Original_Dataset/Orignal-Dataset\Mountain_Soil\68.jpg,37.98654198237357
90.jpg,Original_Dataset/Orignal-Dataset\Arid_Soil\90.jpg,38.662939310349365
223.jpg,Original_Dataset/Orignal-Dataset\Arid_Soil\223.jpg,39.799965281347156
167a.jpg,Original_Dataset/Orignal-Dataset\Black_Soil\167a.jpg,40.57028190881548
128b.jpg,Original_Dataset/Orignal-Dataset\Black_Soil\128b.jpg,41.871405462873234
27.jpg,Original_Dataset/Orignal-Dataset\Black_Soil\27.jpg,43.28006991529403
128c.jpg,Original_Dataset/Orignal-Dataset\Black_Soil\128c.jpg,43.557997885671256
57.jpg,Original_Dataset/Orignal-Dataset\Red_Soil\57.jpg,44.08457915156327
190.jpg,Original_Dataset/Orignal-Dataset\Black_Soil\190.jpg,46.16923492734746
88.jpg,Original_Dataset/Orignal-Dataset\Black_Soil\88.jpg,50.37310356618738
11.jpg,Original_Dataset/Orignal-Dataset\Red_Soil\11.jpg,51.874822901696
28.jpg,Original_Dataset/Orignal-Dataset\Arid_Soil\28.jpg,52.371283061069384
213c.jpg,Original_Dataset/Orignal-Dataset\Arid_Soil\213c.jpg,54.11673052121317
10.jpg,Original_Dataset/Orignal-Dataset\Alluvial_Soil\10.jpg,54.12822458008902
178.jpg,Original_Dataset/Orignal-Dataset\Arid_Soil\178.jpg,55.62619542241658
157.jpg,Original_Dataset/Orignal-Dataset\Arid_Soil\157.jpg,56.453532768606344
26.jpg,Original_Dataset/Orignal-Dataset\Red_Soil\26.jpg,56.885182983917225
5.jpg,Original_Dataset/Orignal-Dataset\Laterite_Soil\5.jpg,68.21753984834766
72.jpg,Original_Dataset/Orignal-Dataset\Mountain_Soil\72.jpg,68.33009773103447
191.jpg,Original_Dataset/Orignal-Dataset\Arid_Soil\191.jpg,69.98633371943816
22.jpg,Original_Dataset/Orignal-Dataset\Red_Soil\22.jpg,72.17773570171474
192.jpg,Original_Dataset/Orignal-Dataset\Black_Soil\192.jpg,73.67187196426332
3.jpg,Original_Dataset/Orignal-Dataset\Black_Soil\3.jpg,73.67187196426332
162.jpg,Original_Dataset/Orignal-Dataset\Mountain_Soil\162.jpg,79.31447399171687
179.jpg,Original_Dataset/Orignal-Dataset\Arid_Soil\179.jpg,80.66997482034586
85.jpg,Original_Dataset/Orignal-Dataset\Red_Soil\85.jpg,82.804542547278
25.jpg,Original_Dataset/Orignal-Dataset\Mountain_Soil\25.jpg,83.25690691021771
230a.jpg,Original_Dataset/Orignal-Dataset\Arid_Soil\230a.jpg,83.4586508123692
195.jpg,Original_Dataset/Orignal-Dataset\Arid_Soil\195.jpg,84.42012798419293
62a.jpg,Original_Dataset/Orignal-Dataset\Red_Soil\62a.jpg,85.5723896973246
11.jpg,Original_Dataset/Orignal-Dataset\Alluvial_Soil\11.jpg,85.98687243894024
75a.jpg,Original_Dataset/Orignal-Dataset\Black_Soil\75a.jpg,88.07290830482047
207.jpg,Original_Dataset/Orignal-Dataset\Arid_Soil\207.jpg,88.71568079626024
201.jpg,Original_Dataset/Orignal-Dataset\Black_Soil\201.jpg,89.74329094653876
244a.jpg,Original_Dataset/Orignal-Dataset\Arid_Soil\244a.jpg,91.81663464663633
41.jpg,Original_Dataset/Orignal-Dataset\Mountain_Soil\41.jpg,93.35249315294153
148.jpg,Original_Dataset/Orignal-Dataset\Mountain_Soil\148.jpg,95.36004786372966
77.jpg,Original_Dataset/Orignal-Dataset\Red_Soil\77.jpg,100.91615608611616
215.jpg,Original_Dataset/Orignal-Dataset\Black_Soil\215.jpg,101.18505746894841
194.jpg,Original_Dataset/Orignal-Dataset\Black_Soil\194.jpg,102.46375862447113
15.jpg,Original_Dataset/Orignal-Dataset\Black_Soil\15.jpg,102.85386942367425
52.jpg,Original_Dataset/Orignal-Dataset\Red_Soil\52.jpg,103.07896734448153
82.jpg,Original_Dataset/Orignal-Dataset\Black_Soil\82.jpg,103.95298769610955
244.jpg,Original_Dataset/Orignal-Dataset\Arid_Soil\244.jpg,104.07480754468706
151.jpg,Original_Dataset/Orignal-Dataset\Black_Soil\151.jpg,104.47633967015383
9.jpg,Original_Dataset/Orignal-Dataset\Black_Soil\9.jpg,104.55722880441628
24.jpg,Original_Dataset/Orignal-Dataset\Yellow_Soil\24.jpg,105.0195701870881
82.jpg,Original_Dataset/Orignal-Dataset\Yellow_Soil\82.jpg,109.06501908444501
64.jpg,Original_Dataset/Orignal-Dataset\Black_Soil\64.jpg,109.87684191288903
96.jpg,Original_Dataset/Orignal-Dataset\Arid_Soil\96.jpg,110.04029977011895
67.jpg,Original_Dataset/Orignal-Dataset\Mountain_Soil\67.jpg,111.94952285387373
80.jpg,Original_Dataset/Orignal-Dataset\Arid_Soil\80.jpg,112.6371090606594
82.jpg,Original_Dataset/Orignal-Dataset\Red_Soil\82.jpg,115.81620393049798
113.jpg,Original_Dataset/Orignal-Dataset\Black_Soil\113.jpg,115.96540825893271
22.jpg,Original_Dataset/Orignal-Dataset\Black_Soil\22.jpg,117.71231641020685
213a.jpg,Original_Dataset/Orignal-Dataset\Arid_Soil\213a.jpg,118.22663040417406
156.jpg,Original_Dataset/Orignal-Dataset\Arid_Soil\156.jpg,126.62163152232853
163a.jpg,Original_Dataset/Orignal-Dataset\Arid_Soil\163a.jpg,128.54076751548834
163.jpg,Original_Dataset/Orignal-Dataset\Arid_Soil\163.jpg,130.6487389221614
15.jpg,Original_Dataset/Orignal-Dataset\Red_Soil\15.jpg,134.20136731567192
126.jpg,Original_Dataset/Orignal-Dataset\Arid_Soil\126.jpg,140.03855429520797
254.jpg,Original_Dataset/Orignal-Dataset\Arid_Soil\254.jpg,140.03855429520797
154.jpg,Original_Dataset/Orignal-Dataset\Mountain_Soil\154.jpg,142.45604458645633
106.jpg,Original_Dataset/Orignal-Dataset\Yellow_Soil\106.jpg,145.8482517977262
6.jpg,Original_Dataset/Orignal-Dataset\Yellow_Soil\6.jpg,150.13294377795745
62.jpg,Original_Dataset/Orignal-Dataset\Yellow_Soil\62.jpg,152.36906051936435
150.jpg,Original_Dataset/Orignal-Dataset\Mountain_Soil\150.jpg,153.71984183966902
238.jpg,Original_Dataset/Orignal-Dataset\Arid_Soil\238.jpg,156.7480574058327
56.jpg,Original_Dataset/Orignal-Dataset\Mountain_Soil\56.jpg,156.7496179717988
208.jpg,Original_Dataset/Orignal-Dataset\Arid_Soil\208.jpg,158.4223080361432
7.jpg,Original_Dataset/Orignal-Dataset\Black_Soil\7.jpg,158.61047666111293
221.jpg,Original_Dataset/Orignal-Dataset\Arid_Soil\221.jpg,159.12679470885763
21.jpg,Original_Dataset/Orignal-Dataset\Red_Soil\21.jpg,159.21468903185067
135.jpg,Original_Dataset/Orignal-Dataset\Black_Soil\135.jpg,160.27794017704755
31.jpg,Original_Dataset/Orignal-Dataset\Black_Soil\31.jpg,162.17012474356622
218c.jpg,Original_Dataset/Orignal-Dataset\Black_Soil\218c.jpg,164.1913750613749
128a.jpg,Original_Dataset/Orignal-Dataset\Black_Soil\128a.jpg,170.95164190684343
103.jpg,Original_Dataset/Orignal-Dataset\Arid_Soil\103.jpg,171.9888265477732
62.jpg,Original_Dataset/Orignal-Dataset\Red_Soil\62.jpg,173.95887356959153
36.jpg,Original_Dataset/Orignal-Dataset\Mountain_Soil\36.jpg,174.28982730581708
5.jpg,Original_Dataset/Orignal-Dataset\Black_Soil\5.jpg,174.69428479157727
243b.jpg,Original_Dataset/Orignal-Dataset\Arid_Soil\243b.jpg,175.05636208798649
232.jpg,Original_Dataset/Orignal-Dataset\Arid_Soil\232.jpg,180.0195567887252
111.jpg,Original_Dataset/Orignal-Dataset\Black_Soil\111.jpg,181.46795576044352
194.jpg,Original_Dataset/Orignal-Dataset\Arid_Soil\194.jpg,191.4634647088847
159a.jpg,Original_Dataset/Orignal-Dataset\Black_Soil\159a.jpg,193.38847879480835
107.jpg,Original_Dataset/Orignal-Dataset\Black_Soil\107.jpg,194.35435425884046
190a.jpg,Original_Dataset/Orignal-Dataset\Mountain_Soil\190a.jpg,194.7532124222961
62.jpg,Original_Dataset/Orignal-Dataset\Black_Soil\62.jpg,196.195554884988
113.jpg,Original_Dataset/Orignal-Dataset\Arid_Soil\113.jpg,196.9924438906352
192.jpg,Original_Dataset/Orignal-Dataset\Arid_Soil\192.jpg,196.99443039658112
80a.jpg,Original_Dataset/Orignal-Dataset\Black_Soil\80a.jpg,201.51201490393746
167.jpg,Original_Dataset/Orignal-Dataset\Arid_Soil\167.jpg,202.50006089675455
67.jpg,Original_Dataset/Orignal-Dataset\Yellow_Soil\67.jpg,204.9661609349357
168.jpg,Original_Dataset/Orignal-Dataset\Laterite_Soil\168.jpg,206.25542296836517
213b.jpg,Original_Dataset/Orignal-Dataset\Arid_Soil\213b.jpg,211.58962213478588
89.jpg,Original_Dataset/Orignal-Dataset\Black_Soil\89.jpg,223.61899886730419
19.jpg,Original_Dataset/Orignal-Dataset\Yellow_Soil\19.jpg,223.79875091079143
190.jpg,Original_Dataset/Orignal-Dataset\Arid_Soil\190.jpg,225.91750660473667
211.jpg,Original_Dataset/Orignal-Dataset\Arid_Soil\211.jpg,230.0542496035866
2.jpg,Original_Dataset/Orignal-Dataset\Black_Soil\2.jpg,231.74052548197474
80.jpg,Original_Dataset/Orignal-Dataset\Black_Soil\80.jpg,232.51155397574257
128.jpg,Original_Dataset/Orignal-Dataset\Black_Soil\128.jpg,234.12626001249012
26.jpg,Original_Dataset/Orignal-Dataset\Mountain_Soil\26.jpg,234.80152690609344
41b.jpg,Original_Dataset/Orignal-Dataset\Yellow_Soil\41b.jpg,234.88675502080937
63.jpg,Original_Dataset/Orignal-Dataset\Red_Soil\63.jpg,239.7821587353734
166.jpg,Original_Dataset/Orignal-Dataset\Arid_Soil\166.jpg,239.84790027685128
95.jpg,Original_Dataset/Orignal-Dataset\Mountain_Soil\95.jpg,242.1847930355853
188.jpg,Original_Dataset/Orignal-Dataset\Arid_Soil\188.jpg,243.27384920447278
109.jpg,Original_Dataset/Orignal-Dataset\Laterite_Soil\109.jpg,249.69669246278653
138.jpg,Original_Dataset/Orignal-Dataset\Laterite_Soil\138.jpg,251.40198125367945
235.jpg,Original_Dataset/Orignal-Dataset\Arid_Soil\235.jpg,259.3106427707567
174.jpg,Original_Dataset/Orignal-Dataset\Mountain_Soil\174.jpg,261.23831310993074
115.jpg,Original_Dataset/Orignal-Dataset\Black_Soil\115.jpg,264.1108397894805
85.jpg,Original_Dataset/Orignal-Dataset\Black_Soil\85.jpg,276.1889057759157
46.jpg,Original_Dataset/Orignal-Dataset\Black_Soil\46.jpg,278.40844420690615
154.jpg,Original_Dataset/Orignal-Dataset\Black_Soil\154.jpg,278.40844420690615
45.jpg,Original_Dataset/Orignal-Dataset\Red_Soil\45.jpg,278.60367848997686
97a.jpg,Original_Dataset/Orignal-Dataset\Arid_Soil\97a.jpg,278.8317582176798
23.jpg,Original_Dataset/Orignal-Dataset\Black_Soil\23.jpg,280.2908522404383
134.jpg,Original_Dataset/Orignal-Dataset\Black_Soil\134.jpg,280.2908522404383
80a.jpg,Original_Dataset/Orignal-Dataset\Red_Soil\80a.jpg,280.91830302939155
133.jpg,Original_Dataset/Orignal-Dataset\Mountain_Soil\133.jpg,284.3586108170314
29.jpg,Original_Dataset/Orignal-Dataset\Mountain_Soil\29.jpg,294.4832727675142
20.jpg,Original_Dataset/Orignal-Dataset\Alluvial_Soil\20.jpg,297.11976462586387
91.jpg,Original_Dataset/Orignal-Dataset\Black_Soil\91.jpg,300.15935281101673
45.jpg,Original_Dataset/Orignal-Dataset\Mountain_Soil\45.jpg,303.5413340872757
157.jpg,Original_Dataset/Orignal-Dataset\Mountain_Soil\157.jpg,303.9706962575425
39.jpg,Original_Dataset/Orignal-Dataset\Arid_Soil\39.jpg,309.77085458116017
28.jpg,Original_Dataset/Orignal-Dataset\Red_Soil\28.jpg,314.0362980526824
30.jpg,Original_Dataset/Orignal-Dataset\Red_Soil\30.jpg,314.0362980526824
63.jpg,Original_Dataset/Orignal-Dataset\Mountain_Soil\63.jpg,316.2940153206867
162.jpg,Original_Dataset/Orignal-Dataset\Arid_Soil\162.jpg,317.0400205435156
126.jpg,Original_Dataset/Orignal-Dataset\Mountain_Soil\126.jpg,318.8964886503823
30.jpg,Original_Dataset/Orignal-Dataset\Black_Soil\30.jpg,320.8623520699468
99.jpg,Original_Dataset/Orignal-Dataset\Black_Soil\99.jpg,320.8623520699468
188.jpg,Original_Dataset/Orignal-Dataset\Black_Soil\188.jpg,330.5726652779859
150.jpg,Original_Dataset/Orignal-Dataset\Laterite_Soil\150.jpg,331.7458293900515
117.jpg,Original_Dataset/Orignal-Dataset\Arid_Soil\117.jpg,334.34903589984015
161.jpg,Original_Dataset/Orignal-Dataset\Mountain_Soil\161.jpg,335.6687237533742
95a.jpg,Original_Dataset/Orignal-Dataset\Mountain_Soil\95a.jpg,336.7858595913248
207.jpg,Original_Dataset/Orignal-Dataset\Black_Soil\207.jpg,336.96182867971646
250.jpg,Original_Dataset/Orignal-Dataset\Arid_Soil\250.jpg,338.62708293300375
75.jpg,Original_Dataset/Orignal-Dataset\Black_Soil\75.jpg,341.1002299931929
172.jpg,Original_Dataset/Orignal-Dataset\Laterite_Soil\172.jpg,342.264174192953
45a.jpg,Original_Dataset/Orignal-Dataset\Red_Soil\45a.jpg,343.1220698478829
111.jpg,Original_Dataset/Orignal-Dataset\Mountain_Soil\111.jpg,343.3181826424305
37.jpg,Original_Dataset/Orignal-Dataset\Laterite_Soil\37.jpg,343.8196331576198
96a.jpg,Original_Dataset/Orignal-Dataset\Laterite_Soil\96a.jpg,346.9120383949642
66.jpg,Original_Dataset/Orignal-Dataset\Arid_Soil\66.jpg,349.732483091752
47.jpg,Original_Dataset/Orignal-Dataset\Red_Soil\47.jpg,352.28780834734874
81c.jpg,Original_Dataset/Orignal-Dataset\Yellow_Soil\81c.jpg,352.3762003238079
3.jpg,Original_Dataset/Orignal-Dataset\Red_Soil\3.jpg,355.331278125
82.jpg,Original_Dataset/Orignal-Dataset\Arid_Soil\82.jpg,356.25742903739837
169.jpg,Original_Dataset/Orignal-Dataset\Black_Soil\169.jpg,358.3979965762383
195.jpg,Original_Dataset/Orignal-Dataset\Black_Soil\195.jpg,359.2227980306329
16.jpg,Original_Dataset/Orignal-Dataset\Mountain_Soil\16.jpg,361.32325689932776
219.jpg,Original_Dataset/Orignal-Dataset\Mountain_Soil\219.jpg,361.7181810932112
147.jpg,Original_Dataset/Orignal-Dataset\Laterite_Soil\147.jpg,364.6089094480725
78.jpg,Original_Dataset/Orignal-Dataset\Black_Soil\78.jpg,366.4570948769546
86.jpg,Original_Dataset/Orignal-Dataset\Red_Soil\86.jpg,369.78704833141296
28a.jpg,Original_Dataset/Orignal-Dataset\Red_Soil\28a.jpg,373.6989071768386
131.jpg,Original_Dataset/Orignal-Dataset\Black_Soil\131.jpg,374.45399601417375
187.jpg,Original_Dataset/Orignal-Dataset\Arid_Soil\187.jpg,375.0866627941191
185.jpg,Original_Dataset/Orignal-Dataset\Arid_Soil\185.jpg,383.15404821825877
81a.jpg,Original_Dataset/Orignal-Dataset\Yellow_Soil\81a.jpg,384.70060465109214
188b.jpg,Original_Dataset/Orignal-Dataset\Black_Soil\188b.jpg,385.48416924799545
196.jpg,Original_Dataset/Orignal-Dataset\Arid_Soil\196.jpg,385.94329353341874
71b.jpg,Original_Dataset/Orignal-Dataset\Mountain_Soil\71b.jpg,387.14351159445465
37.jpg,Original_Dataset/Orignal-Dataset\Red_Soil\37.jpg,389.64055273487145
45.jpg,Original_Dataset/Orignal-Dataset\Yellow_Soil\45.jpg,392.1919719310429
9.jpg,Original_Dataset/Orignal-Dataset\Yellow_Soil\9.jpg,392.1919719310429
116.jpg,Original_Dataset/Orignal-Dataset\Black_Soil\116.jpg,396.9460916488889
97.jpg,Original_Dataset/Orignal-Dataset\Arid_Soil\97.jpg,397.0627302441868
72.jpg,Original_Dataset/Orignal-Dataset\Red_Soil\72.jpg,403.58216837015794
216.jpg,Original_Dataset/Orignal-Dataset\Laterite_Soil\216.jpg,403.86719990527706
218.jpg,Original_Dataset/Orignal-Dataset\Arid_Soil\218.jpg,405.265933829428
231.jpg,Original_Dataset/Orignal-Dataset\Arid_Soil\231.jpg,409.7269125899765
81b.jpg,Original_Dataset/Orignal-Dataset\Yellow_Soil\81b.jpg,411.6639051208804
32.jpg,Original_Dataset/Orignal-Dataset\Mountain_Soil\32.jpg,421.0411909211482
112.jpg,Original_Dataset/Orignal-Dataset\Mountain_Soil\112.jpg,422.50818962783205
180.jpg,Original_Dataset/Orignal-Dataset\Black_Soil\180.jpg,431.07187671777353
44.jpg,Original_Dataset/Orignal-Dataset\Black_Soil\44.jpg,433.7400956597223
100.jpg,Original_Dataset/Orignal-Dataset\Black_Soil\100.jpg,436.2825730895783
183b.jpg,Original_Dataset/Orignal-Dataset\Black_Soil\183b.jpg,436.5820612601754
188c.jpg,Original_Dataset/Orignal-Dataset\Black_Soil\188c.jpg,438.2809553206219
141.jpg,Original_Dataset/Orignal-Dataset\Black_Soil\141.jpg,448.9713534886562
159.jpg,Original_Dataset/Orignal-Dataset\Mountain_Soil\159.jpg,450.1292481915672
13a.jpg,Original_Dataset/Orignal-Dataset\Red_Soil\13a.jpg,450.8825993174738
103.jpg,Original_Dataset/Orignal-Dataset\Black_Soil\103.jpg,452.9821110244887
16.jpg,Original_Dataset/Orignal-Dataset\Red_Soil\16.jpg,456.9073435735067
65.jpg,Original_Dataset/Orignal-Dataset\Mountain_Soil\65.jpg,458.5089978666118
148.jpg,Original_Dataset/Orignal-Dataset\Laterite_Soil\148.jpg,458.93086565848563
13.jpg,Original_Dataset/Orignal-Dataset\Red_Soil\13.jpg,464.0521858198973
71c.jpg,Original_Dataset/Orignal-Dataset\Mountain_Soil\71c.jpg,465.2301269076338
30.jpg,Original_Dataset/Orignal-Dataset\Yellow_Soil\30.jpg,470.09675840806085
64a.jpg,Original_Dataset/Orignal-Dataset\Black_Soil\64a.jpg,474.3156935792138
20.jpg,Original_Dataset/Orignal-Dataset\Mountain_Soil\20.jpg,476.0683388580665
58.jpg,Original_Dataset/Orignal-Dataset\Black_Soil\58.jpg,482.71736445223814
206.jpg,Original_Dataset/Orignal-Dataset\Laterite_Soil\206.jpg,484.7722645924104
183.jpg,Original_Dataset/Orignal-Dataset\Black_Soil\183.jpg,488.42637957297757
150.jpg,Original_Dataset/Orignal-Dataset\Arid_Soil\150.jpg,488.7933665669492
31.jpg,Original_Dataset/Orignal-Dataset\Arid_Soil\31.jpg,498.4715412733291
213.jpg,Original_Dataset/Orignal-Dataset\Mountain_Soil\213.jpg,500.3088384563083
109.jpg,Original_Dataset/Orignal-Dataset\Arid_Soil\109.jpg,503.35052823547977
189.jpg,Original_Dataset/Orignal-Dataset\Arid_Soil\189.jpg,508.5244743111669
136.jpg,Original_Dataset/Orignal-Dataset\Black_Soil\136.jpg,508.73409995684005
164.jpg,Original_Dataset/Orignal-Dataset\Laterite_Soil\164.jpg,509.21604795789546
47.jpg,Original_Dataset/Orignal-Dataset\Laterite_Soil\47.jpg,509.5940003039878
39.jpg,Original_Dataset/Orignal-Dataset\Yellow_Soil\39.jpg,510.9459907101664
23.jpg,Original_Dataset/Orignal-Dataset\Yellow_Soil\23.jpg,510.9459907101664
81.jpg,Original_Dataset/Orignal-Dataset\Yellow_Soil\81.jpg,511.01180952127805
30b.jpg,Original_Dataset/Orignal-Dataset\Laterite_Soil\30b.jpg,516.7934958427816
3b.jpg,Original_Dataset/Orignal-Dataset\Laterite_Soil\3b.jpg,519.2181442244226
74.jpg,Original_Dataset/Orignal-Dataset\Laterite_Soil\74.jpg,523.3985814940634
31.jpg,Original_Dataset/Orignal-Dataset\Red_Soil\31.jpg,523.6151482799265
3.jpg,Original_Dataset/Orignal-Dataset\Laterite_Soil\3.jpg,526.5238087810052
211.jpg,Original_Dataset/Orignal-Dataset\Black_Soil\211.jpg,528.1421878609004
30a.jpg,Original_Dataset/Orignal-Dataset\Laterite_Soil\30a.jpg,530.7195714413132
101.jpg,Original_Dataset/Orignal-Dataset\Arid_Soil\101.jpg,536.8978498286762
53.jpg,Original_Dataset/Orignal-Dataset\Laterite_Soil\53.jpg,538.9822541546051
80.jpg,Original_Dataset/Orignal-Dataset\Red_Soil\80.jpg,542.7689182801023
76.jpg,Original_Dataset/Orignal-Dataset\Mountain_Soil\76.jpg,544.398231175936
33.jpg,Original_Dataset/Orignal-Dataset\Red_Soil\33.jpg,547.6099081841086
190.jpg,Original_Dataset/Orignal-Dataset\Mountain_Soil\190.jpg,553.6256503782931
243.jpg,Original_Dataset/Orignal-Dataset\Arid_Soil\243.jpg,562.4352072101734
76.jpg,Original_Dataset/Orignal-Dataset\Black_Soil\76.jpg,566.4084035747105
145.jpg,Original_Dataset/Orignal-Dataset\Arid_Soil\145.jpg,568.6608601008107
115a.jpg,Original_Dataset/Orignal-Dataset\Black_Soil\115a.jpg,569.1657435037292
268.jpg,Original_Dataset/Orignal-Dataset\Black_Soil\268.jpg,572.6674107777628
78.jpg,Original_Dataset/Orignal-Dataset\Red_Soil\78.jpg,576.9317150817562
3a.jpg,Original_Dataset/Orignal-Dataset\Mountain_Soil\3a.jpg,582.6271963307474
6.jpg,Original_Dataset/Orignal-Dataset\Laterite_Soil\6.jpg,585.1601503534699
3a.jpg,Original_Dataset/Orignal-Dataset\Laterite_Soil\3a.jpg,586.1290305456274
80.jpg,Original_Dataset/Orignal-Dataset\Mountain_Soil\80.jpg,586.3669395998766
19.jpg,Original_Dataset/Orignal-Dataset\Red_Soil\19.jpg,588.825771123933
58a.jpg,Original_Dataset/Orignal-Dataset\Mountain_Soil\58a.jpg,590.0300862462722
134a.jpg,Original_Dataset/Orignal-Dataset\Black_Soil\134a.jpg,593.7387349074535
160.jpg,Original_Dataset/Orignal-Dataset\Black_Soil\160.jpg,594.8940516828203
30.jpg,Original_Dataset/Orignal-Dataset\Laterite_Soil\30.jpg,598.731209935171
97b.jpg,Original_Dataset/Orignal-Dataset\Arid_Soil\97b.jpg,598.9110598561368
66.jpg,Original_Dataset/Orignal-Dataset\Black_Soil\66.jpg,603.0047538163336
71a.jpg,Original_Dataset/Orignal-Dataset\Mountain_Soil\71a.jpg,603.9756591261814
219.jpg,Original_Dataset/Orignal-Dataset\Arid_Soil\219.jpg,605.436176933638
84.jpg,Original_Dataset/Orignal-Dataset\Black_Soil\84.jpg,608.5150804431142
31a.jpg,Original_Dataset/Orignal-Dataset\Red_Soil\31a.jpg,611.0557200643273
209.jpg,Original_Dataset/Orignal-Dataset\Mountain_Soil\209.jpg,611.5516923203118
220.jpg,Original_Dataset/Orignal-Dataset\Black_Soil\220.jpg,615.1333256914152
64.jpg,Original_Dataset/Orignal-Dataset\Laterite_Soil\64.jpg,620.14638274152
172.jpg,Original_Dataset/Orignal-Dataset\Arid_Soil\172.jpg,625.1957748273288
54.jpg,Original_Dataset/Orignal-Dataset\Black_Soil\54.jpg,629.4980857063578
32.jpg,Original_Dataset/Orignal-Dataset\Red_Soil\32.jpg,632.4718761463134
183a.jpg,Original_Dataset/Orignal-Dataset\Black_Soil\183a.jpg,634.7223371969422
60.jpg,Original_Dataset/Orignal-Dataset\Red_Soil\60.jpg,638.0875804882364
134.jpg,Original_Dataset/Orignal-Dataset\Arid_Soil\134.jpg,639.1058672267736
6.jpg,Original_Dataset/Orignal-Dataset\Black_Soil\6.jpg,639.7697822388418
90.jpg,Original_Dataset/Orignal-Dataset\Black_Soil\90.jpg,639.7697822388418
103.jpg,Original_Dataset/Orignal-Dataset\Mountain_Soil\103.jpg,645.2921233066667
109.jpg,Original_Dataset/Orignal-Dataset\Mountain_Soil\109.jpg,647.731836869375
115.jpg,Original_Dataset/Orignal-Dataset\Arid_Soil\115.jpg,647.995652816757
39.jpg,Original_Dataset/Orignal-Dataset\Black_Soil\39.jpg,649.2401671682821
98.jpg,Original_Dataset/Orignal-Dataset\Black_Soil\98.jpg,649.7780474086812
53.jpg,Original_Dataset/Orignal-Dataset\Mountain_Soil\53.jpg,650.0908990495681
140.jpg,Original_Dataset/Orignal-Dataset\Mountain_Soil\140.jpg,650.0908990495681
158.jpg,Original_Dataset/Orignal-Dataset\Arid_Soil\158.jpg,654.3674938692504
97a.jpg,Original_Dataset/Orignal-Dataset\Mountain_Soil\97a.jpg,656.0717144663165
2a.jpg,Original_Dataset/Orignal-Dataset\Red_Soil\2a.jpg,659.0687037354446
159.jpg,Original_Dataset/Orignal-Dataset\Black_Soil\159.jpg,659.1229105097323
37.jpg,Original_Dataset/Orignal-Dataset\Black_Soil\37.jpg,660.6274988234225
246.jpg,Original_Dataset/Orignal-Dataset\Arid_Soil\246.jpg,663.9659333731337
197.jpg,Original_Dataset/Orignal-Dataset\Arid_Soil\197.jpg,666.5526184342001
41a.jpg,Original_Dataset/Orignal-Dataset\Yellow_Soil\41a.jpg,667.7255060122254
6.jpg,Original_Dataset/Orignal-Dataset\Mountain_Soil\6.jpg,671.1580065237551
186.jpg,Original_Dataset/Orignal-Dataset\Black_Soil\186.jpg,673.9996032421261
27.jpg,Original_Dataset/Orignal-Dataset\Alluvial_Soil\27.jpg,685.575236644022
24.jpg,Original_Dataset/Orignal-Dataset\Arid_Soil\24.jpg,689.3793851204488
113a.jpg,Original_Dataset/Orignal-Dataset\Mountain_Soil\113a.jpg,689.453457344028
66.jpg,Original_Dataset/Orignal-Dataset\Mountain_Soil\66.jpg,695.9734661480751
86.jpg,Original_Dataset/Orignal-Dataset\Arid_Soil\86.jpg,697.4216550424505
7.jpg,Original_Dataset/Orignal-Dataset\Laterite_Soil\7.jpg,702.1117191401738
83.jpg,Original_Dataset/Orignal-Dataset\Red_Soil\83.jpg,702.2982805206589
41e.jpg,Original_Dataset/Orignal-Dataset\Yellow_Soil\41e.jpg,703.8985064644112
75.jpg,Original_Dataset/Orignal-Dataset\Red_Soil\75.jpg,708.9200680764416
230.jpg,Original_Dataset/Orignal-Dataset\Arid_Soil\230.jpg,712.5930249438065
173.jpg,Original_Dataset/Orignal-Dataset\Mountain_Soil\173.jpg,714.2120483277636
32a.jpg,Original_Dataset/Orignal-Dataset\Red_Soil\32a.jpg,721.9829583603871
41.jpg,Original_Dataset/Orignal-Dataset\Yellow_Soil\41.jpg,722.7315609856634
125.jpg,Original_Dataset/Orignal-Dataset\Laterite_Soil\125.jpg,723.0747488136244
224.jpg,Original_Dataset/Orignal-Dataset\Arid_Soil\224.jpg,725.1229065017275
60a.jpg,Original_Dataset/Orignal-Dataset\Mountain_Soil\60a.jpg,725.3482006112346
80.jpg,Original_Dataset/Orignal-Dataset\Alluvial_Soil\80.jpg,726.7941306420989
121.jpg,Original_Dataset/Orignal-Dataset\Black_Soil\121.jpg,727.3918061333035
253.jpg,Original_Dataset/Orignal-Dataset\Arid_Soil\253.jpg,734.6796955517059
153.jpg,Original_Dataset/Orignal-Dataset\Arid_Soil\153.jpg,737.7877378297369
69.jpg,Original_Dataset/Orignal-Dataset\Mountain_Soil\69.jpg,745.9684443791708
9.jpg,Original_Dataset/Orignal-Dataset\Mountain_Soil\9.jpg,747.9298236112679
57a.jpg,Original_Dataset/Orignal-Dataset\Arid_Soil\57a.jpg,753.9601118852213
98.jpg,Original_Dataset/Orignal-Dataset\Arid_Soil\98.jpg,754.8238590543845
57.jpg,Original_Dataset/Orignal-Dataset\Arid_Soil\57.jpg,755.3595300377222
168.jpg,Original_Dataset/Orignal-Dataset\Arid_Soil\168.jpg,762.229842961152
71.jpg,Original_Dataset/Orignal-Dataset\Red_Soil\71.jpg,763.0970849278051
76a.jpg,Original_Dataset/Orignal-Dataset\Black_Soil\76a.jpg,763.6882158537735
53b.jpg,Original_Dataset/Orignal-Dataset\Black_Soil\53b.jpg,763.7801365023632
188a.jpg,Original_Dataset/Orignal-Dataset\Black_Soil\188a.jpg,767.5235560093475
43.webp,Original_Dataset/Orignal-Dataset\Alluvial_Soil\43.webp,775.9859211482352
39.jpg,Original_Dataset/Orignal-Dataset\Red_Soil\39.jpg,778.4339527919811
182.jpg,Original_Dataset/Orignal-Dataset\Black_Soil\182.jpg,778.6546163847714
52.jpg,Original_Dataset/Orignal-Dataset\Black_Soil\52.jpg,778.6546163847714
80b.jpg,Original_Dataset/Orignal-Dataset\Red_Soil\80b.jpg,784.2665782746766
118.jpg,Original_Dataset/Orignal-Dataset\Mountain_Soil\118.jpg,788.8412760560944
117.jpg,Original_Dataset/Orignal-Dataset\Mountain_Soil\117.jpg,790.7212010715972
84a.jpg,Original_Dataset/Orignal-Dataset\Black_Soil\84a.jpg,795.2676838382346
197.jpg,Original_Dataset/Orignal-Dataset\Mountain_Soil\197.jpg,796.1625467606286
241.jpg,Original_Dataset/Orignal-Dataset\Arid_Soil\241.jpg,801.5114713805638
40.jpg,Original_Dataset/Orignal-Dataset\Mountain_Soil\40.jpg,802.0578080079173
2.jpg,Original_Dataset/Orignal-Dataset\Red_Soil\2.jpg,802.7321671631623
241b.jpg,Original_Dataset/Orignal-Dataset\Arid_Soil\241b.jpg,808.1388519298465
2.jpg,Original_Dataset/Orignal-Dataset\Arid_Soil\2.jpg,823.2067079500298
29.jpg,Original_Dataset/Orignal-Dataset\Red_Soil\29.jpg,829.421681188111
7.jpg,Original_Dataset/Orignal-Dataset\Red_Soil\7.jpg,829.635758245847
228.jpg,Original_Dataset/Orignal-Dataset\Arid_Soil\228.jpg,832.3614171721375
27.jpg,Original_Dataset/Orignal-Dataset\Red_Soil\27.jpg,834.3415391819814
34.jpg,Original_Dataset/Orignal-Dataset\Red_Soil\34.jpg,834.6644132169456
212.jpg,Original_Dataset/Orignal-Dataset\Mountain_Soil\212.jpg,835.7687447724269
8.jpg,Original_Dataset/Orignal-Dataset\Alluvial_Soil\8.jpg,838.7559378486246
82.jpg,Original_Dataset/Orignal-Dataset\Mountain_Soil\82.jpg,840.2164950509207
220.jpg,Original_Dataset/Orignal-Dataset\Mountain_Soil\220.jpg,841.2064310580847
129.jpg,Original_Dataset/Orignal-Dataset\Arid_Soil\129.jpg,844.4382465472445
73.jpg,Original_Dataset/Orignal-Dataset\Red_Soil\73.jpg,853.598268359375
12.jpg,Original_Dataset/Orignal-Dataset\Arid_Soil\12.jpg,859.1358003777751
139.jpg,Original_Dataset/Orignal-Dataset\Arid_Soil\139.jpg,859.3424986236588
81.jpg,Original_Dataset/Orignal-Dataset\Red_Soil\81.jpg,888.4491728255438
158.jpg,Original_Dataset/Orignal-Dataset\Black_Soil\158.jpg,894.9025077569282
133.jpg,Original_Dataset/Orignal-Dataset\Arid_Soil\133.jpg,898.0374548812866
27.jpg,Original_Dataset/Orignal-Dataset\Arid_Soil\27.jpg,901.1761501971878
168.jpg,Original_Dataset/Orignal-Dataset\Black_Soil\168.jpg,913.1255079873765
220.jpg,Original_Dataset/Orignal-Dataset\Arid_Soil\220.jpg,920.574138364439
2.jpg,Original_Dataset/Orignal-Dataset\Mountain_Soil\2.jpg,925.04721805781
56.jpg,Original_Dataset/Orignal-Dataset\Black_Soil\56.jpg,927.1795568432697
245.jpg,Original_Dataset/Orignal-Dataset\Arid_Soil\245.jpg,928.2324198404843
21.jpg,Original_Dataset/Orignal-Dataset\Mountain_Soil\21.jpg,929.6380956065092
117.jpg,Original_Dataset/Orignal-Dataset\Laterite_Soil\117.jpg,933.0258831742384
26.jpg,Original_Dataset/Orignal-Dataset\Yellow_Soil\26.jpg,935.4579113978241
59.jpg,Original_Dataset/Orignal-Dataset\Yellow_Soil\59.jpg,935.4579113978241
199.jpg,Original_Dataset/Orignal-Dataset\Mountain_Soil\199.jpg,937.3525630967719
193.jpg,Original_Dataset/Orignal-Dataset\Laterite_Soil\193.jpg,941.6591757985326
51.jpg,Original_Dataset/Orignal-Dataset\Mountain_Soil\51.jpg,946.4743003998747
41d.jpg,Original_Dataset/Orignal-Dataset\Yellow_Soil\41d.jpg,949.9443835794157
43.jpg,Original_Dataset/Orignal-Dataset\Mountain_Soil\43.jpg,949.9918109609173
175.jpg,Original_Dataset/Orignal-Dataset\Black_Soil\175.jpg,951.8414813491515
6a.jpg,Original_Dataset/Orignal-Dataset\Arid_Soil\6a.jpg,962.6850446289235
243a.jpg,Original_Dataset/Orignal-Dataset\Arid_Soil\243a.jpg,972.013981726856
174.jpg,Original_Dataset/Orignal-Dataset\Black_Soil\174.jpg,972.725782301567
81.jpg,Original_Dataset/Orignal-Dataset\Arid_Soil\81.jpg,974.2245691948284
239.jpg,Original_Dataset/Orignal-Dataset\Arid_Soil\239.jpg,979.0956721575998
165.jpg,Original_Dataset/Orignal-Dataset\Mountain_Soil\165.jpg,989.0835488265279
191a.jpg,Original_Dataset/Orignal-Dataset\Arid_Soil\191a.jpg,989.4091800276472
79.jpg,Original_Dataset/Orignal-Dataset\Black_Soil\79.jpg,991.0927518491961
16.jpg,Original_Dataset/Orignal-Dataset\Black_Soil\16.jpg,993.2089697921839
94.jpg,Original_Dataset/Orignal-Dataset\Black_Soil\94.jpg,993.2089697921839
89.jpg,Original_Dataset/Orignal-Dataset\Mountain_Soil\89.jpg,999.6713372614666
56.jpg,Original_Dataset/Orignal-Dataset\Yellow_Soil\56.jpg,1000.2859029863558
83.jpg,Original_Dataset/Orignal-Dataset\Arid_Soil\83.jpg,1015.8965868207099
5.jpg,Original_Dataset/Orignal-Dataset\Arid_Soil\5.jpg,1016.4828386561727
147.jpg,Original_Dataset/Orignal-Dataset\Black_Soil\147.jpg,1023.4784153270164
70.jpg,Original_Dataset/Orignal-Dataset\Red_Soil\70.jpg,1023.6940208261138
95.jpg,Original_Dataset/Orignal-Dataset\Black_Soil\95.jpg,1029.3030826755867
156.jpg,Original_Dataset/Orignal-Dataset\Black_Soil\156.jpg,1037.1944244586407
43.jpg,Original_Dataset/Orignal-Dataset\Yellow_Soil\43.jpg,1047.0214044386596
59.jpg,Original_Dataset/Orignal-Dataset\Black_Soil\59.jpg,1053.5069535363536
152.jpg,Original_Dataset/Orignal-Dataset\Mountain_Soil\152.jpg,1063.9253530275707
116.jpg,Original_Dataset/Orignal-Dataset\Laterite_Soil\116.jpg,1066.9614757799427
83.jpg,Original_Dataset/Orignal-Dataset\Yellow_Soil\83.jpg,1069.263072029641
56.jpg,Original_Dataset/Orignal-Dataset\Red_Soil\56.jpg,1071.1508923089484
89.jpg,Original_Dataset/Orignal-Dataset\Laterite_Soil\89.jpg,1071.261162581804
249.jpg,Original_Dataset/Orignal-Dataset\Arid_Soil\249.jpg,1071.501358258873
1.jpg,Original_Dataset/Orignal-Dataset\Yellow_Soil\1.jpg,1072.6394840168252
17.jpg,Original_Dataset/Orignal-Dataset\Black_Soil\17.jpg,1088.043013781258
176.jpg,Original_Dataset/Orignal-Dataset\Black_Soil\176.jpg,1093.338523198189
44.jpg,Original_Dataset/Orignal-Dataset\Laterite_Soil\44.jpg,1094.8219670119236
56a.jpg,Original_Dataset/Orignal-Dataset\Red_Soil\56a.jpg,1107.8450385648466
179.jpg,Original_Dataset/Orignal-Dataset\Black_Soil\179.jpg,1111.0522220791827
217.jpg,Original_Dataset/Orignal-Dataset\Mountain_Soil\217.jpg,1111.8352476467207
71.jpg,Original_Dataset/Orignal-Dataset\Mountain_Soil\71.jpg,1112.2872370275613
8.jpg,Original_Dataset/Orignal-Dataset\Red_Soil\8.jpg,1113.3419922517842
170.jpg,Original_Dataset/Orignal-Dataset\Arid_Soil\170.jpg,1114.7041649149828
206.jpg,Original_Dataset/Orignal-Dataset\Arid_Soil\206.jpg,1114.7041649149828
53.jpg,Original_Dataset/Orignal-Dataset\Yellow_Soil\53.jpg,1116.7320711361574
16.jpg,Original_Dataset/Orignal-Dataset\Yellow_Soil\16.jpg,1116.7320711361574
180.jpg,Original_Dataset/Orignal-Dataset\Mountain_Soil\180.jpg,1121.3478055660864
17.jpg,Original_Dataset/Orignal-Dataset\Red_Soil\17.jpg,1122.4525752821407
54.jpg,Original_Dataset/Orignal-Dataset\Mountain_Soil\54.jpg,1127.9799440214763
291.jpg,Original_Dataset/Orignal-Dataset\Laterite_Soil\291.jpg,1130.8388339837174
114.jpg,Original_Dataset/Orignal-Dataset\Black_Soil\114.jpg,1130.9824696676985
15.jpg,Original_Dataset/Orignal-Dataset\Mountain_Soil\15.jpg,1131.8843326837316
13.jpg,Original_Dataset/Orignal-Dataset\Black_Soil\13.jpg,1137.3454254422804
110.jpg,Original_Dataset/Orignal-Dataset\Black_Soil\110.jpg,1137.7231913313499
96.jpg,Original_Dataset/Orignal-Dataset\Laterite_Soil\96.jpg,1148.301517780309
122.jpg,Original_Dataset/Orignal-Dataset\Mountain_Soil\122.jpg,1155.2377916648077
116.jpg,Original_Dataset/Orignal-Dataset\Arid_Soil\116.jpg,1168.0709119428434
123.jpg,Original_Dataset/Orignal-Dataset\Mountain_Soil\123.jpg,1171.2888538694551
66a.jpg,Original_Dataset/Orignal-Dataset\Red_Soil\66a.jpg,1174.9218962119603
214.jpg,Original_Dataset/Orignal-Dataset\Arid_Soil\214.jpg,1175.5315124463057
53.jpg,Original_Dataset/Orignal-Dataset\Red_Soil\53.jpg,1178.0412875446334
41c.jpg,Original_Dataset/Orignal-Dataset\Yellow_Soil\41c.jpg,1178.910766906101
100.jpg,Original_Dataset/Orignal-Dataset\Mountain_Soil\100.jpg,1179.88905297099
180.jpg,Original_Dataset/Orignal-Dataset\Arid_Soil\180.jpg,1184.8091867695227
182.jpg,Original_Dataset/Orignal-Dataset\Mountain_Soil\182.jpg,1196.9128711398223
155.jpg,Original_Dataset/Orignal-Dataset\Mountain_Soil\155.jpg,1203.011180388607
218b.jpg,Original_Dataset/Orignal-Dataset\Black_Soil\218b.jpg,1203.38334093831
24.jpg,Original_Dataset/Orignal-Dataset\Mountain_Soil\24.jpg,1203.5808387018224
193.jpg,Original_Dataset/Orignal-Dataset\Arid_Soil\193.jpg,1207.0024252699777
225.jpg,Original_Dataset/Orignal-Dataset\Laterite_Soil\225.jpg,1208.000735748392
20.jpg,Original_Dataset/Orignal-Dataset\Arid_Soil\20.jpg,1211.7239366390147
130.jpg,Original_Dataset/Orignal-Dataset\Arid_Soil\130.jpg,1217.4788811064532
97.jpg,Original_Dataset/Orignal-Dataset\Mountain_Soil\97.jpg,1220.2917511588812
15.jpg,Original_Dataset/Orignal-Dataset\Alluvial_Soil\15.jpg,1225.4116459346792
132.jpg,Original_Dataset/Orignal-Dataset\Black_Soil\132.jpg,1230.1896035915204
149.jpg,Original_Dataset/Orignal-Dataset\Mountain_Soil\149.jpg,1238.5859847049273
157.jpg,Original_Dataset/Orignal-Dataset\Black_Soil\157.jpg,1244.7097107357108
225.jpg,Original_Dataset/Orignal-Dataset\Mountain_Soil\225.jpg,1246.2491453749171
39.jpg,Original_Dataset/Orignal-Dataset\Mountain_Soil\39.jpg,1246.2491453749171
72.jpg,Original_Dataset/Orignal-Dataset\Black_Soil\72.jpg,1251.756626435983
221.jpg,Original_Dataset/Orignal-Dataset\Black_Soil\221.jpg,1251.756626435983
116a.jpg,Original_Dataset/Orignal-Dataset\Mountain_Soil\116a.jpg,1253.527450080249
206.jpg,Original_Dataset/Orignal-Dataset\Black_Soil\206.jpg,1255.452281080379
41.jpg,Original_Dataset/Orignal-Dataset\Black_Soil\41.jpg,1255.452281080379
70.jpg,Original_Dataset/Orignal-Dataset\Arid_Soil\70.jpg,1264.0979017918685
125.jpg,Original_Dataset/Orignal-Dataset\Black_Soil\125.jpg,1265.7850182219672
179a.jpg,Original_Dataset/Orignal-Dataset\Mountain_Soil\179a.jpg,1266.3269571641945
49.jpg,Original_Dataset/Orignal-Dataset\Laterite_Soil\49.jpg,1266.4095148027961
143.jpg,Original_Dataset/Orignal-Dataset\Arid_Soil\143.jpg,1267.5081062502827
58.jpg,Original_Dataset/Orignal-Dataset\Mountain_Soil\58.jpg,1268.2847638852268
73.jpg,Original_Dataset/Orignal-Dataset\Black_Soil\73.jpg,1279.3161335437553
9.jpg,Original_Dataset/Orignal-Dataset\Laterite_Soil\9.jpg,1284.444152261997
140.jpg,Original_Dataset/Orignal-Dataset\Arid_Soil\140.jpg,1286.6001721887108
120.jpg,Original_Dataset/Orignal-Dataset\Arid_Soil\120.jpg,1287.7425319128731
97.jpg,Original_Dataset/Orignal-Dataset\Black_Soil\97.jpg,1290.1134100245858
171.jpg,Original_Dataset/Orignal-Dataset\Arid_Soil\171.jpg,1292.3708784565822
174a.jpg,Original_Dataset/Orignal-Dataset\Black_Soil\174a.jpg,1293.8936425331071
66.jpg,Original_Dataset/Orignal-Dataset\Red_Soil\66.jpg,1294.6656926710511
111.jpg,Original_Dataset/Orignal-Dataset\Arid_Soil\111.jpg,1296.2760768557825
182.jpg,Original_Dataset/Orignal-Dataset\Arid_Soil\182.jpg,1297.3390157054184
140a.jpg,Original_Dataset/Orignal-Dataset\Arid_Soil\140a.jpg,1298.3295984738247
131.jpg,Original_Dataset/Orignal-Dataset\Mountain_Soil\131.jpg,1301.1374312005062
93a.jpg,Original_Dataset/Orignal-Dataset\Arid_Soil\93a.jpg,1303.073960455227
153.jpg,Original_Dataset/Orignal-Dataset\Black_Soil\153.jpg,1303.5086615959835
218a.jpg,Original_Dataset/Orignal-Dataset\Black_Soil\218a.jpg,1304.8273384253148
209.jpg,Original_Dataset/Orignal-Dataset\Arid_Soil\209.jpg,1307.6342155457921
57.jpg,Original_Dataset/Orignal-Dataset\Mountain_Soil\57.jpg,1308.017538672066
215.jpg,Original_Dataset/Orignal-Dataset\Mountain_Soil\215.jpg,1308.017538672066
241a.jpg,Original_Dataset/Orignal-Dataset\Arid_Soil\241a.jpg,1308.8180150177327
21.jpg,Original_Dataset/Orignal-Dataset\Laterite_Soil\21.jpg,1317.9035635949056
185a.jpg,Original_Dataset/Orignal-Dataset\Mountain_Soil\185a.jpg,1332.9427491336266
46.jpg,Original_Dataset/Orignal-Dataset\Arid_Soil\46.jpg,1340.6886086839193
127.jpg,Original_Dataset/Orignal-Dataset\Mountain_Soil\127.jpg,1341.1956898385101
176a.jpg,Original_Dataset/Orignal-Dataset\Black_Soil\176a.jpg,1357.6399154539965
15.jpg,Original_Dataset/Orignal-Dataset\Arid_Soil\15.jpg,1360.4777183408553
59a.jpg,Original_Dataset/Orignal-Dataset\Black_Soil\59a.jpg,1360.830609706409
28.jpg,Original_Dataset/Orignal-Dataset\Laterite_Soil\28.jpg,1363.7151451673506
152.jpg,Original_Dataset/Orignal-Dataset\Arid_Soil\152.jpg,1368.7696878997456
58.jpg,Original_Dataset/Orignal-Dataset\Red_Soil\58.jpg,1368.829990837793
2.jpg,Original_Dataset/Orignal-Dataset\Yellow_Soil\2.jpg,1369.2373226884883
94.jpg,Original_Dataset/Orignal-Dataset\Arid_Soil\94.jpg,1381.6704729747487
68.jpg,Original_Dataset/Orignal-Dataset\Black_Soil\68.jpg,1385.5254381465913
178.jpg,Original_Dataset/Orignal-Dataset\Black_Soil\178.jpg,1387.1696204509497
195.jpg,Original_Dataset/Orignal-Dataset\Mountain_Soil\195.jpg,1392.9701999359886
131.jpg,Original_Dataset/Orignal-Dataset\Arid_Soil\131.jpg,1400.0549744138011
138.jpg,Original_Dataset/Orignal-Dataset\Arid_Soil\138.jpg,1401.8124928503669
92.jpg,Original_Dataset/Orignal-Dataset\Arid_Soil\92.jpg,1414.686948742123
181.jpg,Original_Dataset/Orignal-Dataset\Mountain_Soil\181.jpg,1417.0742393538173
4.jpg,Original_Dataset/Orignal-Dataset\Laterite_Soil\4.jpg,1417.0778912133796
77.jpg,Original_Dataset/Orignal-Dataset\Arid_Soil\77.jpg,1417.5076250931204
102.jpg,Original_Dataset/Orignal-Dataset\Black_Soil\102.jpg,1420.2642972621313
7.jpg,Original_Dataset/Orignal-Dataset\Arid_Soil\7.jpg,1423.7231100950792
55.jpg,Original_Dataset/Orignal-Dataset\Laterite_Soil\55.jpg,1425.711663853061
130.jpg,Original_Dataset/Orignal-Dataset\Black_Soil\130.jpg,1429.211910170724
48.jpg,Original_Dataset/Orignal-Dataset\Red_Soil\48.jpg,1429.2838164587258
35.jpg,Original_Dataset/Orignal-Dataset\Black_Soil\35.jpg,1429.8882564770452
46.jpg,Original_Dataset/Orignal-Dataset\Laterite_Soil\46.jpg,1444.0183133360772
31.jpg,Original_Dataset/Orignal-Dataset\Laterite_Soil\31.jpg,1448.8446942113574
141.jpg,Original_Dataset/Orignal-Dataset\Laterite_Soil\141.jpg,1450.7991261556485
174.jpg,Original_Dataset/Orignal-Dataset\Arid_Soil\174.jpg,1452.986342694638
61.jpg,Original_Dataset/Orignal-Dataset\Black_Soil\61.jpg,1460.67181222711
33.jpg,Original_Dataset/Orignal-Dataset\Mountain_Soil\33.jpg,1469.05682896
12.jpg,Original_Dataset/Orignal-Dataset\Mountain_Soil\12.jpg,1476.4104013102847
122.jpg,Original_Dataset/Orignal-Dataset\Arid_Soil\122.jpg,1493.5486794596643
149.jpg,Original_Dataset/Orignal-Dataset\Black_Soil\149.jpg,1495.9010620889096
211.jpg,Original_Dataset/Orignal-Dataset\Mountain_Soil\211.jpg,1522.6952807415946
102a.jpg,Original_Dataset/Orignal-Dataset\Black_Soil\102a.jpg,1527.3039222272985
29.jpg,Original_Dataset/Orignal-Dataset\Black_Soil\29.jpg,1528.785837346458
252.jpg,Original_Dataset/Orignal-Dataset\Laterite_Soil\252.jpg,1546.1044272527356
69.jpg,Original_Dataset/Orignal-Dataset\Laterite_Soil\69.jpg,1546.1044272527356
4.jpg,Original_Dataset/Orignal-Dataset\Black_Soil\4.jpg,1548.5039390366976
35.jpg,Original_Dataset/Orignal-Dataset\Yellow_Soil\35.jpg,1562.0656293940008
30.jpg,Original_Dataset/Orignal-Dataset\Alluvial_Soil\30.jpg,1562.2408868719663
145.jpg,Original_Dataset/Orignal-Dataset\Mountain_Soil\145.jpg,1569.0047486369954
166.jpg,Original_Dataset/Orignal-Dataset\Black_Soil\166.jpg,1570.7252739291764
139.jpg,Original_Dataset/Orignal-Dataset\Black_Soil\139.jpg,1578.2978584729594
74.jpg,Original_Dataset/Orignal-Dataset\Red_Soil\74.jpg,1579.690531611466
96.jpg,Original_Dataset/Orignal-Dataset\Mountain_Soil\96.jpg,1583.8810035431902
36.jpg,Original_Dataset/Orignal-Dataset\Red_Soil\36.jpg,1584.0929637215972
163.jpg,Original_Dataset/Orignal-Dataset\Mountain_Soil\163.jpg,1584.4052976596577
196.jpg,Original_Dataset/Orignal-Dataset\Black_Soil\196.jpg,1587.5868088614757
216.jpg,Original_Dataset/Orignal-Dataset\Mountain_Soil\216.jpg,1588.4329509574068
240.jpg,Original_Dataset/Orignal-Dataset\Arid_Soil\240.jpg,1590.758575457922
34.jpg,Original_Dataset/Orignal-Dataset\Black_Soil\34.jpg,1594.0335325278845
144.jpg,Original_Dataset/Orignal-Dataset\Black_Soil\144.jpg,1598.1417967354098
127.jpg,Original_Dataset/Orignal-Dataset\Arid_Soil\127.jpg,1605.4694988993042
34.jpg,Original_Dataset/Orignal-Dataset\Mountain_Soil\34.jpg,1607.0434126352102
147.jpg,Original_Dataset/Orignal-Dataset\Mountain_Soil\147.jpg,1607.0434126352102
11.jpg,Original_Dataset/Orignal-Dataset\Arid_Soil\11.jpg,1622.2296276763568
167.jpg,Original_Dataset/Orignal-Dataset\Mountain_Soil\167.jpg,1634.207905024929
46.jpeg,Original_Dataset/Orignal-Dataset\Alluvial_Soil\46.jpeg,1638.3927789700158
190.jpg,Original_Dataset/Orignal-Dataset\Laterite_Soil\190.jpg,1639.2329028021081
157a.jpg,Original_Dataset/Orignal-Dataset\Black_Soil\157a.jpg,1641.1505954746012
200.jpg,Original_Dataset/Orignal-Dataset\Black_Soil\200.jpg,1641.8658492271618
176.jpg,Original_Dataset/Orignal-Dataset\Arid_Soil\176.jpg,1644.299574639294
62.jpg,Original_Dataset/Orignal-Dataset\Laterite_Soil\62.jpg,1650.769895587549
77.jpg,Original_Dataset/Orignal-Dataset\Mountain_Soil\77.jpg,1654.2124513566714
67.jpg,Original_Dataset/Orignal-Dataset\Red_Soil\67.jpg,1655.7012612253325
42.jpg,Original_Dataset/Orignal-Dataset\Red_Soil\42.jpg,1666.0876130797092
33.jpg,Original_Dataset/Orignal-Dataset\Yellow_Soil\33.jpg,1681.9159853447763
127.jpg,Original_Dataset/Orignal-Dataset\Black_Soil\127.jpg,1695.0630514659415
87.jpg,Original_Dataset/Orignal-Dataset\Mountain_Soil\87.jpg,1709.8512305961412
125.jpg,Original_Dataset/Orignal-Dataset\Mountain_Soil\125.jpg,1714.8240345282115
104.jpg,Original_Dataset/Orignal-Dataset\Mountain_Soil\104.jpg,1718.7727548026467
35.jpg,Original_Dataset/Orignal-Dataset\Arid_Soil\35.jpg,1736.6799000201027
47.jpg,Original_Dataset/Orignal-Dataset\Arid_Soil\47.jpg,1744.3398580819132
61.jpg,Original_Dataset/Orignal-Dataset\Red_Soil\61.jpg,1745.4623620432194
34.jpg,Original_Dataset/Orignal-Dataset\Laterite_Soil\34.jpg,1746.6085849467665
52.jpg,Original_Dataset/Orignal-Dataset\Mountain_Soil\52.jpg,1760.0005454104014
144.jpg,Original_Dataset/Orignal-Dataset\Mountain_Soil\144.jpg,1760.0005454104014
13.jpg,Original_Dataset/Orignal-Dataset\Alluvial_Soil\13.jpg,1765.3547630466455
57.jpg,Original_Dataset/Orignal-Dataset\Black_Soil\57.jpg,1774.6533756705262
203.jpg,Original_Dataset/Orignal-Dataset\Black_Soil\203.jpg,1774.6533756705262
59a.jpg,Original_Dataset/Orignal-Dataset\Red_Soil\59a.jpg,1775.658027635246
173.jpg,Original_Dataset/Orignal-Dataset\Arid_Soil\173.jpg,1776.3562102032695
175.jpg,Original_Dataset/Orignal-Dataset\Arid_Soil\175.jpg,1783.584781141133
152.jpg,Original_Dataset/Orignal-Dataset\Black_Soil\152.jpg,1789.8655681047226
186.jpg,Original_Dataset/Orignal-Dataset\Arid_Soil\186.jpg,1794.313975158807
140a.jpg,Original_Dataset/Orignal-Dataset\Black_Soil\140a.jpg,1795.2186389067951
172.jpg,Original_Dataset/Orignal-Dataset\Black_Soil\172.jpg,1797.7418455641418
55.jpg,Original_Dataset/Orignal-Dataset\Mountain_Soil\55.jpg,1798.4944138322114
13a.jpg,Original_Dataset/Orignal-Dataset\Black_Soil\13a.jpg,1802.907487861809
168.jpg,Original_Dataset/Orignal-Dataset\Mountain_Soil\168.jpg,1818.4012171102377
22a.jpg,Original_Dataset/Orignal-Dataset\Yellow_Soil\22a.jpg,1831.8261669376013
177a.jpg,Original_Dataset/Orignal-Dataset\Mountain_Soil\177a.jpg,1833.160656372443
104a.jpg,Original_Dataset/Orignal-Dataset\Black_Soil\104a.jpg,1835.0628273161801
70.jpg,Original_Dataset/Orignal-Dataset\Mountain_Soil\70.jpg,1842.7076539686416
146.jpg,Original_Dataset/Orignal-Dataset\Black_Soil\146.jpg,1855.9605035756906
60.jpg,Original_Dataset/Orignal-Dataset\Laterite_Soil\60.jpg,1868.4005992973139
9.jpg,Original_Dataset/Orignal-Dataset\Red_Soil\9.jpg,1876.9763747584263
44.jpg,Original_Dataset/Orignal-Dataset\Red_Soil\44.jpg,1876.9763747584263
234.jpg,Original_Dataset/Orignal-Dataset\Arid_Soil\234.jpg,1885.3225713267811
105.jpg,Original_Dataset/Orignal-Dataset\Mountain_Soil\105.jpg,1895.3135325688145
99.jpg,Original_Dataset/Orignal-Dataset\Laterite_Soil\99.jpg,1896.7851839911928
44.jpg,Original_Dataset/Orignal-Dataset\Arid_Soil\44.jpg,1902.774740460615
104.jpg,Original_Dataset/Orignal-Dataset\Black_Soil\104.jpg,1904.0117399049675
53.jpg,Original_Dataset/Orignal-Dataset\Black_Soil\53.jpg,1904.4190593458006
16.jpg,Original_Dataset/Orignal-Dataset\Arid_Soil\16.jpg,1908.8912733062398
223.jpg,Original_Dataset/Orignal-Dataset\Mountain_Soil\223.jpg,1924.261675
123.jpg,Original_Dataset/Orignal-Dataset\Arid_Soil\123.jpg,1938.4865737811033
3.jpg,Original_Dataset/Orignal-Dataset\Mountain_Soil\3.jpg,1938.5212492527346
189.jpg,Original_Dataset/Orignal-Dataset\Black_Soil\189.jpg,1941.734097939887
5.jpg,Original_Dataset/Orignal-Dataset\Mountain_Soil\5.jpg,1945.7683432962742
71.jpg,Original_Dataset/Orignal-Dataset\Black_Soil\71.jpg,1948.6387906268649
21.jpg,Original_Dataset/Orignal-Dataset\Arid_Soil\21.jpg,1950.095681560355
30a.jpg,Original_Dataset/Orignal-Dataset\Alluvial_Soil\30a.jpg,1952.8290688341103
202.jpg,Original_Dataset/Orignal-Dataset\Black_Soil\202.jpg,1954.3014638314776
40.jpg,Original_Dataset/Orignal-Dataset\Black_Soil\40.jpg,1954.3014638314776
25.jpg,Original_Dataset/Orignal-Dataset\Alluvial_Soil\25.jpg,1958.4291215353353
16.jpg,Original_Dataset/Orignal-Dataset\Alluvial_Soil\16.jpg,1958.4291215353353
54.jpg,Original_Dataset/Orignal-Dataset\Red_Soil\54.jpg,1960.7837858165974
99.jpg,Original_Dataset/Orignal-Dataset\Arid_Soil\99.jpg,1962.9923040482151
79.jpg,Original_Dataset/Orignal-Dataset\Arid_Soil\79.jpg,1975.3529215307522
59.jpg,Original_Dataset/Orignal-Dataset\Red_Soil\59.jpg,1976.6317345787754
12.jpg,Original_Dataset/Orignal-Dataset\Laterite_Soil\12.jpg,1997.116288112463
236.jpg,Original_Dataset/Orignal-Dataset\Arid_Soil\236.jpg,2002.0819449750447
54a.jpg,Original_Dataset/Orignal-Dataset\Red_Soil\54a.jpg,2044.9857882676592
199.jpg,Original_Dataset/Orignal-Dataset\Arid_Soil\199.jpg,2059.3703710249647
51.jpg,Original_Dataset/Orignal-Dataset\Red_Soil\51.jpg,2063.4265614853866
93.jpg,Original_Dataset/Orignal-Dataset\Arid_Soil\93.jpg,2070.128471299261
17.jpg,Original_Dataset/Orignal-Dataset\Mountain_Soil\17.jpg,2083.7749796246994
251a.jpg,Original_Dataset/Orignal-Dataset\Arid_Soil\251a.jpg,2088.4250150176485
12.jpg,Original_Dataset/Orignal-Dataset\Yellow_Soil\12.jpg,2090.25277467395
84.jpg,Original_Dataset/Orignal-Dataset\Red_Soil\84.jpg,2093.1111774923306
23.jpg,Original_Dataset/Orignal-Dataset\Mountain_Soil\23.jpg,2103.2506529457937
170.jpg,Original_Dataset/Orignal-Dataset\Mountain_Soil\170.jpg,2125.113626538454
214.jpg,Original_Dataset/Orignal-Dataset\Black_Soil\214.jpg,2126.707663203316
86.jpg,Original_Dataset/Orignal-Dataset\Mountain_Soil\86.jpg,2133.63862597567
54b.jpg,Original_Dataset/Orignal-Dataset\Red_Soil\54b.jpg,2137.1548459419664
210.jpg,Original_Dataset/Orignal-Dataset\Arid_Soil\210.jpg,2137.284988637711
4.jpg,Original_Dataset/Orignal-Dataset\Mountain_Soil\4.jpg,2146.3783922067055
12a.jpg,Original_Dataset/Orignal-Dataset\Yellow_Soil\12a.jpg,2150.213725395332
14.jpg,Original_Dataset/Orignal-Dataset\Arid_Soil\14.jpg,2157.227202586324
53a.jpg,Original_Dataset/Orignal-Dataset\Black_Soil\53a.jpg,2162.4371946811125
36.jpg,Original_Dataset/Orignal-Dataset\Black_Soil\36.jpg,2167.0972127565105
114.jpg,Original_Dataset/Orignal-Dataset\Mountain_Soil\114.jpg,2171.2641349530386
177.jpg,Original_Dataset/Orignal-Dataset\Mountain_Soil\177.jpg,2188.880082286248
137.jpg,Original_Dataset/Orignal-Dataset\Arid_Soil\137.jpg,2192.6198451747778
141.jpg,Original_Dataset/Orignal-Dataset\Arid_Soil\141.jpg,2201.3056399247207
24a.jpg,Original_Dataset/Orignal-Dataset\Black_Soil\24a.jpg,2203.541458726537
43.jpg,Original_Dataset/Orignal-Dataset\Black_Soil\43.jpg,2206.280339935447
60.jpg,Original_Dataset/Orignal-Dataset\Mountain_Soil\60.jpg,2209.0480034417656
113.jpg,Original_Dataset/Orignal-Dataset\Mountain_Soil\113.jpg,2223.768534641742
132.jpg,Original_Dataset/Orignal-Dataset\Arid_Soil\132.jpg,2231.386367253977
75.jpg,Original_Dataset/Orignal-Dataset\Yellow_Soil\75.jpg,2253.3066127187785
94.jpg,Original_Dataset/Orignal-Dataset\Laterite_Soil\94.jpg,2260.991042133758
184.jpg,Original_Dataset/Orignal-Dataset\Arid_Soil\184.jpg,2265.2959481395746
61a.jpg,Original_Dataset/Orignal-Dataset\Laterite_Soil\61a.jpg,2273.1943468317795
126.jpg,Original_Dataset/Orignal-Dataset\Black_Soil\126.jpg,2286.555858039744
61.jpg,Original_Dataset/Orignal-Dataset\Laterite_Soil\61.jpg,2287.105351480509
61a.jpg,Original_Dataset/Orignal-Dataset\Red_Soil\61a.jpg,2320.1233787006026
24.jpg,Original_Dataset/Orignal-Dataset\Black_Soil\24.jpg,2332.314526215702
87.jpg,Original_Dataset/Orignal-Dataset\Arid_Soil\87.jpg,2343.517523816446
121.jpg,Original_Dataset/Orignal-Dataset\Arid_Soil\121.jpg,2344.7497190430126
47.jpg,Original_Dataset/Orignal-Dataset\Mountain_Soil\47.jpg,2345.211706935045
3.jpg,Original_Dataset/Orignal-Dataset\Arid_Soil\3.jpg,2352.571653869538
122.jpg,Original_Dataset/Orignal-Dataset\Laterite_Soil\122.jpg,2357.6906757642887
25b.jpg,Original_Dataset/Orignal-Dataset\Yellow_Soil\25b.jpg,2365.77740833607
42.jpg,Original_Dataset/Orignal-Dataset\Black_Soil\42.jpg,2371.0301878959744
109.jpg,Original_Dataset/Orignal-Dataset\Black_Soil\109.jpg,2371.6900197968966
7.jpg,Original_Dataset/Orignal-Dataset\Yellow_Soil\7.jpg,2384.029240683626
185.jpg,Original_Dataset/Orignal-Dataset\Mountain_Soil\185.jpg,2394.4227423896455
30.jpg,Original_Dataset/Orignal-Dataset\Arid_Soil\30.jpg,2400.884671482703
79.jpg,Original_Dataset/Orignal-Dataset\Red_Soil\79.jpg,2405.2773146006384
213a.jpg,Original_Dataset/Orignal-Dataset\Yellow_Soil\213a.jpg,2408.6045936447777
222.jpg,Original_Dataset/Orignal-Dataset\Black_Soil\222.jpg,2421.7841273271006
61b.jpg,Original_Dataset/Orignal-Dataset\Laterite_Soil\61b.jpg,2423.766393370179
124.jpg,Original_Dataset/Orignal-Dataset\Arid_Soil\124.jpg,2424.1321016867973
104a.jpg,Original_Dataset/Orignal-Dataset\Mountain_Soil\104a.jpg,2424.23020006291
159.jpg,Original_Dataset/Orignal-Dataset\Arid_Soil\159.jpg,2429.334584411285
252.jpg,Original_Dataset/Orignal-Dataset\Arid_Soil\252.jpg,2443.7384109126556
25.jpg,Original_Dataset/Orignal-Dataset\Black_Soil\25.jpg,2457.419403792999
35b.jpg,Original_Dataset/Orignal-Dataset\Laterite_Soil\35b.jpg,2474.886323106055
232.jpg,Original_Dataset/Orignal-Dataset\Laterite_Soil\232.jpg,2481.202966885773
213.jpg,Original_Dataset/Orignal-Dataset\Yellow_Soil\213.jpg,2486.680296108281
160.jpg,Original_Dataset/Orignal-Dataset\Laterite_Soil\160.jpg,2487.166787979314
161.jpg,Original_Dataset/Orignal-Dataset\Laterite_Soil\161.jpg,2494.03969143819
59.jpg,Original_Dataset/Orignal-Dataset\Mountain_Soil\59.jpg,2519.1558370173434
88.jpg,Original_Dataset/Orignal-Dataset\Mountain_Soil\88.jpg,2519.1558370173434
42.jpg,Original_Dataset/Orignal-Dataset\Arid_Soil\42.jpg,2521.5977491391036
140.jpg,Original_Dataset/Orignal-Dataset\Black_Soil\140.jpg,2523.1703655274787
202.jpg,Original_Dataset/Orignal-Dataset\Mountain_Soil\202.jpg,2525.0296809525307
62.jpg,Original_Dataset/Orignal-Dataset\Mountain_Soil\62.jpg,2527.3420538149517
166.jpg,Original_Dataset/Orignal-Dataset\Laterite_Soil\166.jpg,2529.8419109940683
156.jpg,Original_Dataset/Orignal-Dataset\Mountain_Soil\156.jpg,2531.0724877749253
198.jpg,Original_Dataset/Orignal-Dataset\Mountain_Soil\198.jpg,2536.32033075963
116.jpg,Original_Dataset/Orignal-Dataset\Mountain_Soil\116.jpg,2555.326495686641
32a.jpg,Original_Dataset/Orignal-Dataset\Laterite_Soil\32a.jpg,2559.1950124362083
81.jpg,Original_Dataset/Orignal-Dataset\Black_Soil\81.jpg,2559.684604451933
78.jpg,Original_Dataset/Orignal-Dataset\Mountain_Soil\78.jpg,2560.863982935886
212.jpg,Original_Dataset/Orignal-Dataset\Black_Soil\212.jpg,2567.6975591700857
105.jpg,Original_Dataset/Orignal-Dataset\Alluvial_Soil\105.jpg,2574.2017220142493
47.jpg,Original_Dataset/Orignal-Dataset\Black_Soil\47.jpg,2579.966263701887
205.jpg,Original_Dataset/Orignal-Dataset\Arid_Soil\205.jpg,2583.168837135392
29.jpg,Original_Dataset/Orignal-Dataset\Alluvial_Soil\29.jpg,2616.356276979228
162b.jpg,Original_Dataset/Orignal-Dataset\Laterite_Soil\162b.jpg,2629.367918197391
37.jpg,Original_Dataset/Orignal-Dataset\Arid_Soil\37.jpg,2634.121010268411
162.jpg,Original_Dataset/Orignal-Dataset\Laterite_Soil\162.jpg,2636.3445615199475
4.jpg,Original_Dataset/Orignal-Dataset\Yellow_Soil\4.jpg,2638.1904327887955
26.jpg,Original_Dataset/Orignal-Dataset\Arid_Soil\26.jpg,2647.81367121315
106.jpg,Original_Dataset/Orignal-Dataset\Mountain_Soil\106.jpg,2657.7886234319935
49.jpg,Original_Dataset/Orignal-Dataset\Arid_Soil\49.jpg,2658.4618808446157
43.jpg,Original_Dataset/Orignal-Dataset\Red_Soil\43.jpg,2662.135931646567
104.jpg,Original_Dataset/Orignal-Dataset\Arid_Soil\104.jpg,2665.016851923938
227.jpg,Original_Dataset/Orignal-Dataset\Laterite_Soil\227.jpg,2676.229016485907
22.jpg,Original_Dataset/Orignal-Dataset\Yellow_Soil\22.jpg,2678.525524660957
189.jpg,Original_Dataset/Orignal-Dataset\Mountain_Soil\189.jpg,2685.222499333276
129.jpg,Original_Dataset/Orignal-Dataset\Black_Soil\129.jpg,2687.9036393330557
191.jpg,Original_Dataset/Orignal-Dataset\Black_Soil\191.jpg,2691.262344762656
123.jpg,Original_Dataset/Orignal-Dataset\Black_Soil\123.jpg,2694.426664858808
212.jpg,Original_Dataset/Orignal-Dataset\Arid_Soil\212.jpg,2699.8468525054413
127a.jpg,Original_Dataset/Orignal-Dataset\Black_Soil\127a.jpg,2712.2524273872937
216.jpg,Original_Dataset/Orignal-Dataset\Arid_Soil\216.jpg,2717.168984552092
183c.jpg,Original_Dataset/Orignal-Dataset\Arid_Soil\183c.jpg,2732.5110516884133
100.jpg,Original_Dataset/Orignal-Dataset\Arid_Soil\100.jpg,2742.7734840170656
205.jpg,Original_Dataset/Orignal-Dataset\Black_Soil\205.jpg,2746.1485623472686
45.jpg,Original_Dataset/Orignal-Dataset\Black_Soil\45.jpg,2746.1485623472686
50.jpg,Original_Dataset/Orignal-Dataset\Mountain_Soil\50.jpg,2752.08864346808
64.jpg,Original_Dataset/Orignal-Dataset\Red_Soil\64.jpg,2757.8379169983446
16a.jpg,Original_Dataset/Orignal-Dataset\Arid_Soil\16a.jpg,2764.451216569536
97.jpg,Original_Dataset/Orignal-Dataset\Laterite_Soil\97.jpg,2769.4130191446097
251.jpg,Original_Dataset/Orignal-Dataset\Arid_Soil\251.jpg,2776.255145651026
74.jpg,Original_Dataset/Orignal-Dataset\Arid_Soil\74.jpg,2782.517100233915
20b.jpg,Original_Dataset/Orignal-Dataset\Red_Soil\20b.jpg,2783.8805647694753
25a.jpg,Original_Dataset/Orignal-Dataset\Yellow_Soil\25a.jpg,2800.4827003693254
38.jpg,Original_Dataset/Orignal-Dataset\Red_Soil\38.jpg,2821.3878757713837
80.jpg,Original_Dataset/Orignal-Dataset\Laterite_Soil\80.jpg,2821.870817803867
55.jpg,Original_Dataset/Orignal-Dataset\Black_Soil\55.jpg,2832.645883600954
155.jpg,Original_Dataset/Orignal-Dataset\Black_Soil\155.jpg,2832.645883600954
124.jpg,Original_Dataset/Orignal-Dataset\Laterite_Soil\124.jpg,2833.7959140814646
51.jpg,Original_Dataset/Orignal-Dataset\Black_Soil\51.jpg,2862.224542160336
84.jpg,Original_Dataset/Orignal-Dataset\Mountain_Soil\84.jpg,2863.053255262876
87.jpg,Original_Dataset/Orignal-Dataset\Laterite_Soil\87.jpg,2870.077070105433
170.jpg,Original_Dataset/Orignal-Dataset\Black_Soil\170.jpg,2871.1956116227143
7.jpg,Original_Dataset/Orignal-Dataset\Alluvial_Soil\7.jpg,2884.1257160000696
4.jpg,Original_Dataset/Orignal-Dataset\Arid_Soil\4.jpg,2884.163864672126
22.jpg,Original_Dataset/Orignal-Dataset\Arid_Soil\22.jpg,2905.2852393737808
137.jpg,Original_Dataset/Orignal-Dataset\Black_Soil\137.jpg,2924.2758870690736
33.jpg,Original_Dataset/Orignal-Dataset\Black_Soil\33.jpg,2924.2758870690736
153.jpg,Original_Dataset/Orignal-Dataset\Mountain_Soil\153.jpg,2937.4993003593218
164.jpg,Original_Dataset/Orignal-Dataset\Arid_Soil\164.jpg,2939.6692258828775
213b.jpg,Original_Dataset/Orignal-Dataset\Yellow_Soil\213b.jpg,2944.6020794756273
204.jpg,Original_Dataset/Orignal-Dataset\Mountain_Soil\204.jpg,2944.8906827310784
194.jpg,Original_Dataset/Orignal-Dataset\Mountain_Soil\194.jpg,2950.016758733215
39.jpg,Original_Dataset/Orignal-Dataset\Alluvial_Soil\39.jpg,2952.9494840924467
112.jpg,Original_Dataset/Orignal-Dataset\Black_Soil\112.jpg,2957.6295883329335
203.jpg,Original_Dataset/Orignal-Dataset\Arid_Soil\203.jpg,2963.662594417857
163.jpg,Original_Dataset/Orignal-Dataset\Black_Soil\163.jpg,2964.816642610645
125.jpg,Original_Dataset/Orignal-Dataset\Arid_Soil\125.jpg,2965.382452277006
22b.jpg,Original_Dataset/Orignal-Dataset\Yellow_Soil\22b.jpg,2996.3140481450623
84.jpg,Original_Dataset/Orignal-Dataset\Arid_Soil\84.jpg,3004.9504650959834
177.jpg,Original_Dataset/Orignal-Dataset\Black_Soil\177.jpg,3018.6348293158367
215.jpg,Original_Dataset/Orignal-Dataset\Arid_Soil\215.jpg,3019.601751962097
91.jpg,Original_Dataset/Orignal-Dataset\Mountain_Soil\91.jpg,3020.62953901378
131.jpg,Original_Dataset/Orignal-Dataset\Laterite_Soil\131.jpg,3021.4180566817467
209.jpg,Original_Dataset/Orignal-Dataset\Black_Soil\209.jpg,3023.2713972071524
41.jpg,Original_Dataset/Orignal-Dataset\Red_Soil\41.jpg,3028.5257876917876
217.jpg,Original_Dataset/Orignal-Dataset\Arid_Soil\217.jpg,3053.7963031756053
103.jpg,Original_Dataset/Orignal-Dataset\Alluvial_Soil\103.jpg,3054.35205952387
149.jpg,Original_Dataset/Orignal-Dataset\Arid_Soil\149.jpg,3054.9788939289756
14.jpg,Original_Dataset/Orignal-Dataset\Alluvial_Soil\14.jpg,3055.595219869011
73.jpg,Original_Dataset/Orignal-Dataset\Mountain_Soil\73.jpg,3080.933735521051
14.jpg,Original_Dataset/Orignal-Dataset\Mountain_Soil\14.jpg,3080.933735521051
91.jpg,Original_Dataset/Orignal-Dataset\Arid_Soil\91.jpg,3082.663607566495
82.jpg,Original_Dataset/Orignal-Dataset\Laterite_Soil\82.jpg,3089.503758083437
158.jpg,Original_Dataset/Orignal-Dataset\Mountain_Soil\158.jpg,3091.3315106506616
151.jpg,Original_Dataset/Orignal-Dataset\Arid_Soil\151.jpg,3092.177635976267
217.jpg,Original_Dataset/Orignal-Dataset\Black_Soil\217.jpg,3110.6479344557492
180.jpg,Original_Dataset/Orignal-Dataset\Alluvial_Soil\180.jpg,3116.4198418983665
32.jpg,Original_Dataset/Orignal-Dataset\Laterite_Soil\32.jpg,3116.8653744830604
1.jpg,Original_Dataset/Orignal-Dataset\Black_Soil\1.jpg,3119.113796593804
35.jpg,Original_Dataset/Orignal-Dataset\Laterite_Soil\35.jpg,3125.730965156674
59a.jpg,Original_Dataset/Orignal-Dataset\Laterite_Soil\59a.jpg,3133.7104017261095
29b.jpg,Original_Dataset/Orignal-Dataset\Arid_Soil\29b.jpg,3137.0248496223126
119.jpg,Original_Dataset/Orignal-Dataset\Arid_Soil\119.jpg,3141.636326126226
171.jpg,Original_Dataset/Orignal-Dataset\Black_Soil\171.jpg,3142.0076478566666
35a.jpg,Original_Dataset/Orignal-Dataset\Laterite_Soil\35a.jpg,3144.6634859999917
218.jpg,Original_Dataset/Orignal-Dataset\Black_Soil\218.jpg,3152.014823889791
221.jpg,Original_Dataset/Orignal-Dataset\Mountain_Soil\221.jpg,3178.2930152577837
25.jpg,Original_Dataset/Orignal-Dataset\Yellow_Soil\25.jpg,3178.9852606941204
244.jpg,Original_Dataset/Orignal-Dataset\Laterite_Soil\244.jpg,3183.888984808558
162a.jpg,Original_Dataset/Orignal-Dataset\Laterite_Soil\162a.jpg,3185.694036305021
127.jpg,Original_Dataset/Orignal-Dataset\Laterite_Soil\127.jpg,3195.285157349665
36a.jpg,Original_Dataset/Orignal-Dataset\Black_Soil\36a.jpg,3224.409955211985
67.jpg,Original_Dataset/Orignal-Dataset\Arid_Soil\67.jpg,3225.2487317261775
40.jpg,Original_Dataset/Orignal-Dataset\Laterite_Soil\40.jpg,3231.616097988472
100.jpg,Original_Dataset/Orignal-Dataset\Alluvial_Soil\100.jpg,3236.8366282794077
104.jpg,Original_Dataset/Orignal-Dataset\Alluvial_Soil\104.jpg,3242.430241689503
29c.jpg,Original_Dataset/Orignal-Dataset\Arid_Soil\29c.jpg,3243.048810358501
242.jpg,Original_Dataset/Orignal-Dataset\Arid_Soil\242.jpg,3257.5848773004295
56.jpg,Original_Dataset/Orignal-Dataset\Arid_Soil\56.jpg,3257.5848773004295
161.jpg,Original_Dataset/Orignal-Dataset\Arid_Soil\161.jpg,3257.5848773004295
118.jpg,Original_Dataset/Orignal-Dataset\Black_Soil\118.jpg,3260.351248283995
12b.jpg,Original_Dataset/Orignal-Dataset\Yellow_Soil\12b.jpg,3269.0348969574625
137.jpg,Original_Dataset/Orignal-Dataset\Mountain_Soil\137.jpg,3274.2793513804995
31.jpg,Original_Dataset/Orignal-Dataset\Mountain_Soil\31.jpg,3274.2793513804995
63.jpg,Original_Dataset/Orignal-Dataset\Laterite_Soil\63.jpg,3277.821453479804
225.jpg,Original_Dataset/Orignal-Dataset\Arid_Soil\225.jpg,3282.909384194373
64.jpg,Original_Dataset/Orignal-Dataset\Arid_Soil\64.jpg,3283.5661614588466
177.jpg,Original_Dataset/Orignal-Dataset\Arid_Soil\177.jpg,3295.3291035600146
177b.jpg,Original_Dataset/Orignal-Dataset\Mountain_Soil\177b.jpg,3303.0455299786327
16b.jpg,Original_Dataset/Orignal-Dataset\Arid_Soil\16b.jpg,3304.7759531032502
186.jpg,Original_Dataset/Orignal-Dataset\Mountain_Soil\186.jpg,3309.124994059384
146.jpg,Original_Dataset/Orignal-Dataset\Laterite_Soil\146.jpg,3324.5332607830687
23.jpg,Original_Dataset/Orignal-Dataset\Red_Soil\23.jpg,3369.651651395696
197.jpg,Original_Dataset/Orignal-Dataset\Black_Soil\197.jpg,3377.165869919809
17.jpg,Original_Dataset/Orignal-Dataset\Alluvial_Soil\17.jpg,3384.17374954656
201.jpg,Original_Dataset/Orignal-Dataset\Arid_Soil\201.jpg,3392.5672167789958
2.jpg,Original_Dataset/Orignal-Dataset\Alluvial_Soil\2.jpg,3396.298704315539
106.jpg,Original_Dataset/Orignal-Dataset\Arid_Soil\106.jpg,3399.8790079414307
21a.jpg,Original_Dataset/Orignal-Dataset\Yellow_Soil\21a.jpg,3403.5840610612336
181.jpg,Original_Dataset/Orignal-Dataset\Arid_Soil\181.jpg,3405.4684561338486
178.jpg,Original_Dataset/Orignal-Dataset\Mountain_Soil\178.jpg,3445.9584647759143
1.jpg,Original_Dataset/Orignal-Dataset\Red_Soil\1.jpg,3454.3595521130333
85.jpg,Original_Dataset/Orignal-Dataset\Mountain_Soil\85.jpg,3476.914278384277
233.jpg,Original_Dataset/Orignal-Dataset\Arid_Soil\233.jpg,3484.7341352139147
25.jpg,Original_Dataset/Orignal-Dataset\Laterite_Soil\25.jpg,3492.441106345015
63.jpg,Original_Dataset/Orignal-Dataset\Black_Soil\63.jpg,3503.9636030356155
210.jpg,Original_Dataset/Orignal-Dataset\Black_Soil\210.jpg,3503.9636030356155
270.jpg,Original_Dataset/Orignal-Dataset\Laterite_Soil\270.jpg,3504.3315366622937
104a.jpg,Original_Dataset/Orignal-Dataset\Arid_Soil\104a.jpg,3527.2619685009386
227.jpg,Original_Dataset/Orignal-Dataset\Arid_Soil\227.jpg,3529.376603956042
17.jpg,Original_Dataset/Orignal-Dataset\Yellow_Soil\17.jpg,3538.93256823695
59b.jpg,Original_Dataset/Orignal-Dataset\Laterite_Soil\59b.jpg,3540.129002742972
99.jpg,Original_Dataset/Orignal-Dataset\Mountain_Soil\99.jpg,3549.178762854063
12.jpg,Original_Dataset/Orignal-Dataset\Black_Soil\12.jpg,3556.0805860632395
92.jpg,Original_Dataset/Orignal-Dataset\Black_Soil\92.jpg,3556.0805860632395
207.jpg,Original_Dataset/Orignal-Dataset\Mountain_Soil\207.jpg,3559.064654589993
122.jpg,Original_Dataset/Orignal-Dataset\Black_Soil\122.jpg,3562.916493303729
119.jpg,Original_Dataset/Orignal-Dataset\Black_Soil\119.jpg,3568.592499410301
45.jpg,Original_Dataset/Orignal-Dataset\Laterite_Soil\45.jpg,3584.4097815149153
183.jpg,Original_Dataset/Orignal-Dataset\Arid_Soil\183.jpg,3590.1477234548956
11.jpg,Original_Dataset/Orignal-Dataset\Laterite_Soil\11.jpg,3612.6836735560555
1.jpg,Original_Dataset/Orignal-Dataset\Arid_Soil\1.jpg,3619.377769441237
33.jpg,Original_Dataset/Orignal-Dataset\Arid_Soil\33.jpg,3625.675065183557
32.jpg,Original_Dataset/Orignal-Dataset\Black_Soil\32.jpg,3628.2838755589873
49.jpg,Original_Dataset/Orignal-Dataset\Mountain_Soil\49.jpg,3636.980241281876
171.jpg,Original_Dataset/Orignal-Dataset\Mountain_Soil\171.jpg,3639.330795259404
147.jpg,Original_Dataset/Orignal-Dataset\Arid_Soil\147.jpg,3654.2827824042047
59.jpg,Original_Dataset/Orignal-Dataset\Laterite_Soil\59.jpg,3665.072785918583
21.jpg,Original_Dataset/Orignal-Dataset\Yellow_Soil\21.jpg,3672.933653134884
258.jpg,Original_Dataset/Orignal-Dataset\Laterite_Soil\258.jpg,3681.861960640288
70.jpg,Original_Dataset/Orignal-Dataset\Black_Soil\70.jpg,3690.662051295412
165.jpg,Original_Dataset/Orignal-Dataset\Laterite_Soil\165.jpg,3693.464409798523
216.jpg,Original_Dataset/Orignal-Dataset\Black_Soil\216.jpg,3716.132127785398
74.jpg,Original_Dataset/Orignal-Dataset\Black_Soil\74.jpg,3722.209857303035
46.jpg,Original_Dataset/Orignal-Dataset\Mountain_Soil\46.jpg,3723.0262296240044
1.jpg,Original_Dataset/Orignal-Dataset\Mountain_Soil\1.jpg,3729.4659432250523
18b.jpg,Original_Dataset/Orignal-Dataset\Arid_Soil\18b.jpg,3731.840492815759
151.jpg,Original_Dataset/Orignal-Dataset\Laterite_Soil\151.jpg,3732.515866047393
98.jpg,Original_Dataset/Orignal-Dataset\Laterite_Soil\98.jpg,3735.0992894631563
60.jpg,Original_Dataset/Orignal-Dataset\Yellow_Soil\60.jpg,3747.3726706699827
72.jpg,Original_Dataset/Orignal-Dataset\Arid_Soil\72.jpg,3748.15714291019
1a.jpg,Original_Dataset/Orignal-Dataset\Red_Soil\1a.jpg,3751.4964958286587
49.jpg,Original_Dataset/Orignal-Dataset\Yellow_Soil\49.jpg,3780.6692103915034
200.jpg,Original_Dataset/Orignal-Dataset\Alluvial_Soil\200.jpg,3809.2778741187235
238.jpg,Original_Dataset/Orignal-Dataset\Laterite_Soil\238.jpg,3815.1217851639976
223.jpg,Original_Dataset/Orignal-Dataset\Laterite_Soil\223.jpg,3824.4817835362614
50a.jpg,Original_Dataset/Orignal-Dataset\Black_Soil\50a.jpg,3843.0355625097045
44.jpg,Original_Dataset/Orignal-Dataset\Alluvial_Soil\44.jpg,3850.6105170587653
29a.jpg,Original_Dataset/Orignal-Dataset\Arid_Soil\29a.jpg,3858.1814430789955
68a.jpg,Original_Dataset/Orignal-Dataset\Arid_Soil\68a.jpg,3871.2518709312267
28.jpg,Original_Dataset/Orignal-Dataset\Alluvial_Soil\28.jpg,3899.619106691169
75.jpg,Original_Dataset/Orignal-Dataset\Mountain_Soil\75.jpg,3900.80456667099
136.jpg,Original_Dataset/Orignal-Dataset\Arid_Soil\136.jpg,3902.583079952078
29.jpg,Original_Dataset/Orignal-Dataset\Arid_Soil\29.jpg,3922.8541273947835
247.jpg,Original_Dataset/Orignal-Dataset\Arid_Soil\247.jpg,3934.5437670071783
62.jpg,Original_Dataset/Orignal-Dataset\Arid_Soil\62.jpg,3959.485257376369
143.jpg,Original_Dataset/Orignal-Dataset\Mountain_Soil\143.jpg,3963.730878311396
1.jpg,Original_Dataset/Orignal-Dataset\Alluvial_Soil\1.jpg,3964.8035812009293
35.jpg,Original_Dataset/Orignal-Dataset\Mountain_Soil\35.jpg,3995.407581978772
8.jpg,Original_Dataset/Orignal-Dataset\Black_Soil\8.jpg,4015.025988145703
252a.jpg,Original_Dataset/Orignal-Dataset\Arid_Soil\252a.jpg,4022.7793482451925
28.jpg,Original_Dataset/Orignal-Dataset\Mountain_Soil\28.jpg,4026.663909145399
196.jpg,Original_Dataset/Orignal-Dataset\Mountain_Soil\196.jpg,4028.809740890541
55.jpg,Original_Dataset/Orignal-Dataset\Yellow_Soil\55.jpg,4033.7376345807074
36a.jpg,Original_Dataset/Orignal-Dataset\Arid_Soil\36a.jpg,4059.2523510442893
134.jpg,Original_Dataset/Orignal-Dataset\Laterite_Soil\134.jpg,4060.708956505732
68.jpg,Original_Dataset/Orignal-Dataset\Arid_Soil\68.jpg,4091.636171220186
35.jpg,Original_Dataset/Orignal-Dataset\Red_Soil\35.jpg,4093.1581948888247
32.jpg,Original_Dataset/Orignal-Dataset\Alluvial_Soil\32.jpg,4094.083922155003
153.jpg,Original_Dataset/Orignal-Dataset\Laterite_Soil\153.jpg,4119.161387243923
222.jpg,Original_Dataset/Orignal-Dataset\Laterite_Soil\222.jpg,4149.043821794168
98.jpg,Original_Dataset/Orignal-Dataset\Mountain_Soil\98.jpg,4151.395391863263
42.jpg,Original_Dataset/Orignal-Dataset\Yellow_Soil\42.jpg,4160.626775140252
87.jpg,Original_Dataset/Orignal-Dataset\Black_Soil\87.jpg,4206.427833656059
224.jpg,Original_Dataset/Orignal-Dataset\Laterite_Soil\224.jpg,4210.867850673919
31.jpg,Original_Dataset/Orignal-Dataset\Alluvial_Soil\31.jpg,4230.051301246859
41.jpg,Original_Dataset/Orignal-Dataset\Alluvial_Soil\41.jpg,4230.051301246859
19.jpg,Original_Dataset/Orignal-Dataset\Mountain_Soil\19.jpg,4242.192261093953
22.jpg,Original_Dataset/Orignal-Dataset\Alluvial_Soil\22.jpg,4244.934222263986
144a.jpg,Original_Dataset/Orignal-Dataset\Arid_Soil\144a.jpg,4254.211780707821
171a.jpg,Original_Dataset/Orignal-Dataset\Black_Soil\171a.jpg,4254.8086636227545
33.jpg,Original_Dataset/Orignal-Dataset\Laterite_Soil\33.jpg,4286.060076002361
50.jpg,Original_Dataset/Orignal-Dataset\Black_Soil\50.jpg,4286.235462350438
112.jpg,Original_Dataset/Orignal-Dataset\Arid_Soil\112.jpg,4294.517270621757
44.jpg,Original_Dataset/Orignal-Dataset\Mountain_Soil\44.jpg,4326.324635317263
199.jpg,Original_Dataset/Orignal-Dataset\Black_Soil\199.jpg,4340.940969563026
34.jpg,Original_Dataset/Orignal-Dataset\Yellow_Soil\34.jpg,4358.761062303252
10.jpg,Original_Dataset/Orignal-Dataset\Yellow_Soil\10.jpg,4358.9741286139315
169.jpg,Original_Dataset/Orignal-Dataset\Arid_Soil\169.jpg,4361.339963182149
18.jpg,Original_Dataset/Orignal-Dataset\Mountain_Soil\18.jpg,4385.563189813389
69.jpg,Original_Dataset/Orignal-Dataset\Red_Soil\69.jpg,4399.974379133854
15.jpg,Original_Dataset/Orignal-Dataset\Laterite_Soil\15.jpg,4404.8700523508
65a.jpg,Original_Dataset/Orignal-Dataset\Red_Soil\65a.jpg,4448.835321767869
162.jpg,Original_Dataset/Orignal-Dataset\Black_Soil\162.jpg,4449.331362433008
63.jpg,Original_Dataset/Orignal-Dataset\Arid_Soil\63.jpg,4451.644146409192
27.jpg,Original_Dataset/Orignal-Dataset\Yellow_Soil\27.jpg,4456.470236844568
6.jpg,Original_Dataset/Orignal-Dataset\Arid_Soil\6.jpg,4462.853972258908
59.jpg,Original_Dataset/Orignal-Dataset\Arid_Soil\59.jpg,4471.942260499249
84.jpg,Original_Dataset/Orignal-Dataset\Laterite_Soil\84.jpg,4539.979300172072
40.jpg,Original_Dataset/Orignal-Dataset\Yellow_Soil\40.jpg,4556.267068448979
164a.jpg,Original_Dataset/Orignal-Dataset\Black_Soil\164a.jpg,4571.900369594047
179.jpg,Original_Dataset/Orignal-Dataset\Mountain_Soil\179.jpg,4589.881040573539
1a.jpg,Original_Dataset/Orignal-Dataset\Black_Soil\1a.jpg,4589.900792863276
38.jpg,Original_Dataset/Orignal-Dataset\Alluvial_Soil\38.jpg,4596.1632140595
12.jpg,Original_Dataset/Orignal-Dataset\Red_Soil\12.jpg,4602.965398320737
18a.jpg,Original_Dataset/Orignal-Dataset\Arid_Soil\18a.jpg,4628.462956952054
13.jpg,Original_Dataset/Orignal-Dataset\Arid_Soil\13.jpg,4651.05423625825
83.jpg,Original_Dataset/Orignal-Dataset\Black_Soil\83.jpg,4652.845433059704
237.jpg,Original_Dataset/Orignal-Dataset\Arid_Soil\237.jpg,4655.69137962084
72.jpg,Original_Dataset/Orignal-Dataset\Laterite_Soil\72.jpg,4674.146583667748
183a.jpg,Original_Dataset/Orignal-Dataset\Arid_Soil\183a.jpg,4689.871587733858
51.jpg,Original_Dataset/Orignal-Dataset\Laterite_Soil\51.jpg,4701.445487427141
148.jpg,Original_Dataset/Orignal-Dataset\Black_Soil\148.jpg,4709.020575357439
150.jpg,Original_Dataset/Orignal-Dataset\Black_Soil\150.jpg,4726.96560152675
18.jpg,Original_Dataset/Orignal-Dataset\Black_Soil\18.jpg,4727.26547342747
48.jpg,Original_Dataset/Orignal-Dataset\Laterite_Soil\48.jpg,4729.742613226418
95.jpg,Original_Dataset/Orignal-Dataset\Arid_Soil\95.jpg,4741.736194284473
173.jpg,Original_Dataset/Orignal-Dataset\Laterite_Soil\173.jpg,4790.1048562668675
40.jpg,Original_Dataset/Orignal-Dataset\Alluvial_Soil\40.jpg,4791.68473380891
11.jpg,Original_Dataset/Orignal-Dataset\Yellow_Soil\11.jpg,4844.193182385372
176.jpg,Original_Dataset/Orignal-Dataset\Laterite_Soil\176.jpg,4849.698720220843
210.jpg,Original_Dataset/Orignal-Dataset\Mountain_Soil\210.jpg,4862.4741434651905
175.jpg,Original_Dataset/Orignal-Dataset\Mountain_Soil\175.jpg,4867.947407317365
87a.jpg,Original_Dataset/Orignal-Dataset\Mountain_Soil\87a.jpg,4873.700606052581
144.jpg,Original_Dataset/Orignal-Dataset\Arid_Soil\144.jpg,4879.281786962751
33.jpg,Original_Dataset/Orignal-Dataset\Alluvial_Soil\33.jpg,4902.797792337246
183b.jpg,Original_Dataset/Orignal-Dataset\Arid_Soil\183b.jpg,4912.330372213968
4.jpg,Original_Dataset/Orignal-Dataset\Red_Soil\4.jpg,4945.693071317383
28b.jpg,Original_Dataset/Orignal-Dataset\Alluvial_Soil\28b.jpg,4966.898394585843
240.jpg,Original_Dataset/Orignal-Dataset\Laterite_Soil\240.jpg,4978.7134134222315
85.jpg,Original_Dataset/Orignal-Dataset\Laterite_Soil\85.jpg,4984.631984194304
142.jpg,Original_Dataset/Orignal-Dataset\Arid_Soil\142.jpg,4988.458254555555
41c.jpeg,Original_Dataset/Orignal-Dataset\Red_Soil\41c.jpeg,4988.6796516095055
164.jpg,Original_Dataset/Orignal-Dataset\Black_Soil\164.jpg,5015.902282880395
65.jpg,Original_Dataset/Orignal-Dataset\Red_Soil\65.jpg,5024.576795729373
23.jpg,Original_Dataset/Orignal-Dataset\Arid_Soil\23.jpg,5029.416933158897
138.jpg,Original_Dataset/Orignal-Dataset\Black_Soil\138.jpg,5089.224365618183
40.jpg,Original_Dataset/Orignal-Dataset\Arid_Soil\40.jpg,5090.609694484835
110.jpg,Original_Dataset/Orignal-Dataset\Mountain_Soil\110.jpg,5095.984744451716
118.jpg,Original_Dataset/Orignal-Dataset\Arid_Soil\118.jpg,5199.18189254217
45.jpg,Original_Dataset/Orignal-Dataset\Arid_Soil\45.jpg,5205.906587547275
20.jpg,Original_Dataset/Orignal-Dataset\Black_Soil\20.jpg,5214.578256923848
226a.jpg,Original_Dataset/Orignal-Dataset\Laterite_Soil\226a.jpg,5220.952052042123
183.jpg,Original_Dataset/Orignal-Dataset\Laterite_Soil\183.jpg,5226.766060991285
156.jpg,Original_Dataset/Orignal-Dataset\Laterite_Soil\156.jpg,5237.849933922618
223.jpg,Original_Dataset/Orignal-Dataset\Black_Soil\223.jpg,5287.049863657628
120.jpg,Original_Dataset/Orignal-Dataset\Black_Soil\120.jpg,5305.471903505984
35.jpg,Original_Dataset/Orignal-Dataset\Alluvial_Soil\35.jpg,5308.6193713580105
102.jpg,Original_Dataset/Orignal-Dataset\Mountain_Soil\102.jpg,5329.529570728885
214.jpg,Original_Dataset/Orignal-Dataset\Mountain_Soil\214.jpg,5333.893399145692
54.jpg,Original_Dataset/Orignal-Dataset\Arid_Soil\54.jpg,5348.272033603794
51.jpg,Original_Dataset/Orignal-Dataset\Arid_Soil\51.jpg,5352.475320062483
20a.jpg,Original_Dataset/Orignal-Dataset\Black_Soil\20a.jpg,5377.210796812259
226.jpg,Original_Dataset/Orignal-Dataset\Arid_Soil\226.jpg,5425.722463619048
78.jpg,Original_Dataset/Orignal-Dataset\Arid_Soil\78.jpg,5445.786307329969
208.jpg,Original_Dataset/Orignal-Dataset\Mountain_Soil\208.jpg,5475.617660842452
19.jpg,Original_Dataset/Orignal-Dataset\Arid_Soil\19.jpg,5482.569962271265
71.jpg,Original_Dataset/Orignal-Dataset\Arid_Soil\71.jpg,5496.506107015632
248.jpg,Original_Dataset/Orignal-Dataset\Laterite_Soil\248.jpg,5501.3193917534645
154.jpg,Original_Dataset/Orignal-Dataset\Laterite_Soil\154.jpg,5538.26938133196
201.jpg,Original_Dataset/Orignal-Dataset\Mountain_Soil\201.jpg,5550.908429324396
21.jpg,Original_Dataset/Orignal-Dataset\Alluvial_Soil\21.jpg,5555.50625861943
139.jpg,Original_Dataset/Orignal-Dataset\Laterite_Soil\139.jpg,5557.318320815363
68.jpg,Original_Dataset/Orignal-Dataset\Red_Soil\68.jpg,5559.652239392085
219.jpg,Original_Dataset/Orignal-Dataset\Laterite_Soil\219.jpg,5567.449279249266
6.jpg,Original_Dataset/Orignal-Dataset\Red_Soil\6.jpg,5598.0615482379035
279.jpg,Original_Dataset/Orignal-Dataset\Laterite_Soil\279.jpg,5607.759731779969
110.jpg,Original_Dataset/Orignal-Dataset\Laterite_Soil\110.jpg,5620.097482403867
226b.jpg,Original_Dataset/Orignal-Dataset\Laterite_Soil\226b.jpg,5684.609236907022
130.jpg,Original_Dataset/Orignal-Dataset\Mountain_Soil\130.jpg,5733.394330886367
226.jpg,Original_Dataset/Orignal-Dataset\Laterite_Soil\226.jpg,5737.9447847292695
155.jpg,Original_Dataset/Orignal-Dataset\Arid_Soil\155.jpg,5810.144890863768
18.jpg,Original_Dataset/Orignal-Dataset\Arid_Soil\18.jpg,5830.481799886306
1.jpg,Original_Dataset/Orignal-Dataset\Laterite_Soil\1.jpg,5833.118475112107
262.jpg,Original_Dataset/Orignal-Dataset\Laterite_Soil\262.jpg,5890.416671777728
204.jpg,Original_Dataset/Orignal-Dataset\Arid_Soil\204.jpg,5917.8587508812325
75.jpg,Original_Dataset/Orignal-Dataset\Laterite_Soil\75.jpg,5944.609968561501
65.jpg,Original_Dataset/Orignal-Dataset\Laterite_Soil\65.jpg,5986.081681291654
135a.jpg,Original_Dataset/Orignal-Dataset\Arid_Soil\135a.jpg,5986.609627377869
106.jpg,Original_Dataset/Orignal-Dataset\Black_Soil\106.jpg,5989.529212856948
75.jpg,Original_Dataset/Orignal-Dataset\Arid_Soil\75.jpg,5990.763141613083
114a.jpg,Original_Dataset/Orignal-Dataset\Laterite_Soil\114a.jpg,6039.7642294258085
8.jpg,Original_Dataset/Orignal-Dataset\Mountain_Soil\8.jpg,6047.818034228816
11.jpg,Original_Dataset/Orignal-Dataset\Black_Soil\11.jpg,6056.632607052805
77.jpg,Original_Dataset/Orignal-Dataset\Black_Soil\77.jpg,6074.847426528289
28.jpg,Original_Dataset/Orignal-Dataset\Black_Soil\28.jpg,6091.639359166051
175a.jpg,Original_Dataset/Orignal-Dataset\Mountain_Soil\175a.jpg,6106.581234940568
61.jpg,Original_Dataset/Orignal-Dataset\Yellow_Soil\61.jpg,6122.503432485925
185.jpg,Original_Dataset/Orignal-Dataset\Black_Soil\185.jpg,6202.610004475741
248.jpg,Original_Dataset/Orignal-Dataset\Arid_Soil\248.jpg,6233.399215640695
149.jpg,Original_Dataset/Orignal-Dataset\Laterite_Soil\149.jpg,6277.530223763073
146.jpg,Original_Dataset/Orignal-Dataset\Arid_Soil\146.jpg,6348.126718554083
58a.jpg,Original_Dataset/Orignal-Dataset\Arid_Soil\58a.jpg,6376.64811934115
4a.jpg,Original_Dataset/Orignal-Dataset\Red_Soil\4a.jpg,6421.261970674645
76.jpg,Original_Dataset/Orignal-Dataset\Red_Soil\76.jpg,6477.800262707404
58.jpg,Original_Dataset/Orignal-Dataset\Arid_Soil\58.jpg,6488.611008606216
52.jpg,Original_Dataset/Orignal-Dataset\Arid_Soil\52.jpg,6493.87459112499
165.jpg,Original_Dataset/Orignal-Dataset\Black_Soil\165.jpg,6508.43262882892
10.jpg,Original_Dataset/Orignal-Dataset\Arid_Soil\10.jpg,6521.950984061539
60.jpg,Original_Dataset/Orignal-Dataset\Black_Soil\60.jpg,6536.751919718838
71a.jpg,Original_Dataset/Orignal-Dataset\Laterite_Soil\71a.jpg,6570.225182941998
92a.jpg,Original_Dataset/Orignal-Dataset\Laterite_Soil\92a.jpg,6570.955813377431
60.jpg,Original_Dataset/Orignal-Dataset\Arid_Soil\60.jpg,6626.38885686659
48.jpg,Original_Dataset/Orignal-Dataset\Black_Soil\48.jpg,6632.968681390058
208.jpg,Original_Dataset/Orignal-Dataset\Black_Soil\208.jpg,6632.968681390058
73.jpg,Original_Dataset/Orignal-Dataset\Arid_Soil\73.jpg,6653.1317805209765
32.jpg,Original_Dataset/Orignal-Dataset\Arid_Soil\32.jpg,6654.400126588746
108.jpg,Original_Dataset/Orignal-Dataset\Black_Soil\108.jpg,6691.581028687656
92.jpg,Original_Dataset/Orignal-Dataset\Laterite_Soil\92.jpg,6692.054823338445
70.jpg,Original_Dataset/Orignal-Dataset\Laterite_Soil\70.jpg,6693.343627379981
48.jpg,Original_Dataset/Orignal-Dataset\Arid_Soil\48.jpg,6695.446804962482
154.jpg,Original_Dataset/Orignal-Dataset\Arid_Soil\154.jpg,6703.292601851504
166.jpg,Original_Dataset/Orignal-Dataset\Mountain_Soil\166.jpg,6727.585663782062
54.jpg,Original_Dataset/Orignal-Dataset\Laterite_Soil\54.jpg,6765.870669161234
8.jpg,Original_Dataset/Orignal-Dataset\Arid_Soil\8.jpg,6785.529764825701
28a.jpg,Original_Dataset/Orignal-Dataset\Alluvial_Soil\28a.jpg,6806.5418853897545
215.jpg,Original_Dataset/Orignal-Dataset\Yellow_Soil\215.jpg,6809.5294866155
90.jpg,Original_Dataset/Orignal-Dataset\Laterite_Soil\90.jpg,6823.2039124751445
19.jpg,Original_Dataset/Orignal-Dataset\Alluvial_Soil\19.jpg,6824.583522560735
37.jpg,Original_Dataset/Orignal-Dataset\Alluvial_Soil\37.jpg,6824.828486902887
42.jpg,Original_Dataset/Orignal-Dataset\Alluvial_Soil\42.jpg,6831.7579474220365
183.jpg,Original_Dataset/Orignal-Dataset\Mountain_Soil\183.jpg,6832.8390266934675
271.jpg,Original_Dataset/Orignal-Dataset\Laterite_Soil\271.jpg,6861.355903746096
169.jpg,Original_Dataset/Orignal-Dataset\Laterite_Soil\169.jpg,6889.248829442927
8.jpg,Original_Dataset/Orignal-Dataset\Laterite_Soil\8.jpg,6891.224519186473
75a.jpg,Original_Dataset/Orignal-Dataset\Laterite_Soil\75a.jpg,6912.356724936906
14.jpg,Original_Dataset/Orignal-Dataset\Yellow_Soil\14.jpg,6919.657737874307
176.jpg,Original_Dataset/Orignal-Dataset\Mountain_Soil\176.jpg,6937.446002440311
34.jpg,Original_Dataset/Orignal-Dataset\Arid_Soil\34.jpg,6946.073984847607
79.jpg,Original_Dataset/Orignal-Dataset\Mountain_Soil\79.jpg,6986.765031261688
285.jpg,Original_Dataset/Orignal-Dataset\Laterite_Soil\285.jpg,7018.174432702401
114.jpg,Original_Dataset/Orignal-Dataset\Laterite_Soil\114.jpg,7026.384390364959
71.jpg,Original_Dataset/Orignal-Dataset\Laterite_Soil\71.jpg,7056.822707440947
207.jpg,Original_Dataset/Orignal-Dataset\Laterite_Soil\207.jpg,7066.331890179852
103.jpg,Original_Dataset/Orignal-Dataset\Laterite_Soil\103.jpg,7133.979292709454
24.jpg,Original_Dataset/Orignal-Dataset\Alluvial_Soil\24.jpg,7149.653491351948
79.jpg,Original_Dataset/Orignal-Dataset\Laterite_Soil\79.jpg,7165.163620021791
41a.jpg,Original_Dataset/Orignal-Dataset\Red_Soil\41a.jpg,7200.003685812071
165.jpg,Original_Dataset/Orignal-Dataset\Arid_Soil\165.jpg,7206.296315615101
203.jpg,Original_Dataset/Orignal-Dataset\Mountain_Soil\203.jpg,7223.229461541575
45a.jpg,Original_Dataset/Orignal-Dataset\Alluvial_Soil\45a.jpg,7245.944963377148
85.jpg,Original_Dataset/Orignal-Dataset\Yellow_Soil\85.jpg,7246.211818398025
81.jpg,Original_Dataset/Orignal-Dataset\Mountain_Soil\81.jpg,7251.270756212804
250.jpg,Original_Dataset/Orignal-Dataset\Laterite_Soil\250.jpg,7262.919283186611
210.jpg,Original_Dataset/Orignal-Dataset\Laterite_Soil\210.jpg,7283.129646316544
50.jpg,Original_Dataset/Orignal-Dataset\Red_Soil\50.jpg,7323.875015516943
104.jpg,Original_Dataset/Orignal-Dataset\Laterite_Soil\104.jpg,7332.7253782398075
133.jpg,Original_Dataset/Orignal-Dataset\Laterite_Soil\133.jpg,7353.090854483017
19.jpg,Original_Dataset/Orignal-Dataset\Laterite_Soil\19.jpg,7367.078214219145
107.jpg,Original_Dataset/Orignal-Dataset\Mountain_Soil\107.jpg,7378.087066134312
157.jpg,Original_Dataset/Orignal-Dataset\Laterite_Soil\157.jpg,7385.940625587776
46.jpg,Original_Dataset/Orignal-Dataset\Yellow_Soil\46.jpg,7422.727257065932
43.jpg,Original_Dataset/Orignal-Dataset\Laterite_Soil\43.jpg,7449.453306457322
182.jpg,Original_Dataset/Orignal-Dataset\Laterite_Soil\182.jpg,7449.453306457322
107b.jpg,Original_Dataset/Orignal-Dataset\Mountain_Soil\107b.jpg,7454.049359595304
38.jpg,Original_Dataset/Orignal-Dataset\Arid_Soil\38.jpg,7459.01574275501
24.jpg,Original_Dataset/Orignal-Dataset\Red_Soil\24.jpg,7468.18847703094
37.jpg,Original_Dataset/Orignal-Dataset\Yellow_Soil\37.jpg,7508.9222372682625
68.jpg,Original_Dataset/Orignal-Dataset\Laterite_Soil\68.jpg,7511.045893365661
107a.jpg,Original_Dataset/Orignal-Dataset\Mountain_Soil\107a.jpg,7543.0600354575
260.jpg,Original_Dataset/Orignal-Dataset\Laterite_Soil\260.jpg,7600.444623525433
41.jpg,Original_Dataset/Orignal-Dataset\Arid_Soil\41.jpg,7649.466556611087
101.jpg,Original_Dataset/Orignal-Dataset\Alluvial_Soil\101.jpg,7695.586865161667
135.jpg,Original_Dataset/Orignal-Dataset\Arid_Soil\135.jpg,7697.214938698345
75b.jpg,Original_Dataset/Orignal-Dataset\Laterite_Soil\75b.jpg,7715.437939288621
85.jpg,Original_Dataset/Orignal-Dataset\Arid_Soil\85.jpg,7723.465746481663
41a.jpg,Original_Dataset/Orignal-Dataset\Arid_Soil\41a.jpg,7781.475037459913
25.jpg,Original_Dataset/Orignal-Dataset\Red_Soil\25.jpg,7841.337456899734
73.jpg,Original_Dataset/Orignal-Dataset\Laterite_Soil\73.jpg,8046.284622846403
140.jpg,Original_Dataset/Orignal-Dataset\Laterite_Soil\140.jpg,8060.78047050101
69.jpg,Original_Dataset/Orignal-Dataset\Black_Soil\69.jpg,8074.094050771374
117.jpg,Original_Dataset/Orignal-Dataset\Black_Soil\117.jpg,8074.094050771374
172.jpg,Original_Dataset/Orignal-Dataset\Mountain_Soil\172.jpg,8085.25597470338
55.jpg,Original_Dataset/Orignal-Dataset\Arid_Soil\55.jpg,8207.59742576562
26.jpg,Original_Dataset/Orignal-Dataset\Black_Soil\26.jpg,8254.09354365654
19.jpg,Original_Dataset/Orignal-Dataset\Black_Soil\19.jpg,8291.52182474912
48.jpg,Original_Dataset/Orignal-Dataset\Mountain_Soil\48.jpg,8301.902014108415
76.jpg,Original_Dataset/Orignal-Dataset\Arid_Soil\76.jpg,8326.901297815299
43.jpg,Original_Dataset/Orignal-Dataset\Arid_Soil\43.jpg,8330.242533574155
106.jpg,Original_Dataset/Orignal-Dataset\Laterite_Soil\106.jpg,8351.16632896874
36.jpg,Original_Dataset/Orignal-Dataset\Yellow_Soil\36.jpg,8393.366954848878
93.jpg,Original_Dataset/Orignal-Dataset\Black_Soil\93.jpg,8437.561404326041
249.jpg,Original_Dataset/Orignal-Dataset\Laterite_Soil\249.jpg,8479.577379555063
18.jpg,Original_Dataset/Orignal-Dataset\Red_Soil\18.jpg,8745.633841127848
76.jpg,Original_Dataset/Orignal-Dataset\Laterite_Soil\76.jpg,8788.133297608676
67.jpg,Original_Dataset/Orignal-Dataset\Laterite_Soil\67.jpg,8834.81634615208
83.jpg,Original_Dataset/Orignal-Dataset\Laterite_Soil\83.jpg,8865.69229126151
198a.jpg,Original_Dataset/Orignal-Dataset\Arid_Soil\198a.jpg,8904.259247341155
49.jpg,Original_Dataset/Orignal-Dataset\Black_Soil\49.jpg,8960.26143210886
133.jpg,Original_Dataset/Orignal-Dataset\Black_Soil\133.jpg,8980.916016604335
45.jpg,Original_Dataset/Orignal-Dataset\Alluvial_Soil\45.jpg,8984.217860984143
10.jpg,Original_Dataset/Orignal-Dataset\Laterite_Soil\10.jpg,9008.399007232214
228.jpg,Original_Dataset/Orignal-Dataset\Laterite_Soil\228.jpg,9011.915785663141
128.jpg,Original_Dataset/Orignal-Dataset\Arid_Soil\128.jpg,9036.481253222206
69.jpg,Original_Dataset/Orignal-Dataset\Arid_Soil\69.jpg,9140.52315899157
91.jpg,Original_Dataset/Orignal-Dataset\Laterite_Soil\91.jpg,9289.646483757333
61.jpg,Original_Dataset/Orignal-Dataset\Arid_Soil\61.jpg,9454.366136897104
10a.jpg,Original_Dataset/Orignal-Dataset\Laterite_Soil\10a.jpg,9491.489469255
18.jpg,Original_Dataset/Orignal-Dataset\Laterite_Soil\18.jpg,9523.132250233013
143.jpg,Original_Dataset/Orignal-Dataset\Laterite_Soil\143.jpg,9610.709008691454
224.jpg,Original_Dataset/Orignal-Dataset\Black_Soil\224.jpg,9623.4568937042
129.jpg,Original_Dataset/Orignal-Dataset\Laterite_Soil\129.jpg,9703.18112324978
198.jpg,Original_Dataset/Orignal-Dataset\Arid_Soil\198.jpg,9825.048344949795
212.jpg,Original_Dataset/Orignal-Dataset\Laterite_Soil\212.jpg,9837.723387392187
9.jpg,Original_Dataset/Orignal-Dataset\Arid_Soil\9.jpg,9860.984363140306
193.jpg,Original_Dataset/Orignal-Dataset\Black_Soil\193.jpg,9921.523581588872
23.jpg,Original_Dataset/Orignal-Dataset\Alluvial_Soil\23.jpg,10197.584018302234
38.jpg,Original_Dataset/Orignal-Dataset\Laterite_Soil\38.jpg,10252.583432787229
26a.jpg,Original_Dataset/Orignal-Dataset\Black_Soil\26a.jpg,10273.77256675268
124.jpg,Original_Dataset/Orignal-Dataset\Mountain_Soil\124.jpg,10309.386399304844
11.jpg,Original_Dataset/Orignal-Dataset\Mountain_Soil\11.jpg,10309.386399304844
50.jpg,Original_Dataset/Orignal-Dataset\Arid_Soil\50.jpg,10316.513730701408
111.jpg,Original_Dataset/Orignal-Dataset\Laterite_Soil\111.jpg,10342.356304783581
78.jpg,Original_Dataset/Orignal-Dataset\Laterite_Soil\78.jpg,10396.065662814382
229.jpg,Original_Dataset/Orignal-Dataset\Laterite_Soil\229.jpg,10467.4227225621
108.jpg,Original_Dataset/Orignal-Dataset\Arid_Soil\108.jpg,10570.594120085545
160.jpg,Original_Dataset/Orignal-Dataset\Arid_Soil\160.jpg,10570.594120085545
68.jpg,Original_Dataset/Orignal-Dataset\Yellow_Soil\68.jpg,10587.963189606655
27.jpg,Original_Dataset/Orignal-Dataset\Mountain_Soil\27.jpg,10673.567153048687
24.jpg,Original_Dataset/Orignal-Dataset\Laterite_Soil\24.jpg,10731.21438382233
235.jpg,Original_Dataset/Orignal-Dataset\Laterite_Soil\235.jpg,10935.532705699334
18b.jpg,Original_Dataset/Orignal-Dataset\Red_Soil\18b.jpg,10942.297596213226
36.jpg,Original_Dataset/Orignal-Dataset\Arid_Soil\36.jpg,11027.49648085362
93.jpg,Original_Dataset/Orignal-Dataset\Laterite_Soil\93.jpg,11171.015280009557
42.jpg,Original_Dataset/Orignal-Dataset\Laterite_Soil\42.jpg,11354.512431099958
243.jpg,Original_Dataset/Orignal-Dataset\Laterite_Soil\243.jpg,11388.18642960928
148.jpg,Original_Dataset/Orignal-Dataset\Arid_Soil\148.jpg,11448.001233632682
101.jpg,Original_Dataset/Orignal-Dataset\Laterite_Soil\101.jpg,11492.467595513173
65.jpg,Original_Dataset/Orignal-Dataset\Arid_Soil\65.jpg,11513.196543379308
130.jpg,Original_Dataset/Orignal-Dataset\Laterite_Soil\130.jpg,11563.89241349895
66.jpg,Original_Dataset/Orignal-Dataset\Laterite_Soil\66.jpg,11589.85819481744
53.jpg,Original_Dataset/Orignal-Dataset\Arid_Soil\53.jpg,11609.78984348491
124.jpg,Original_Dataset/Orignal-Dataset\Black_Soil\124.jpg,11710.643459292152
20a.jpg,Original_Dataset/Orignal-Dataset\Red_Soil\20a.jpg,11871.943541013732
55.jpg,Original_Dataset/Orignal-Dataset\Red_Soil\55.jpg,11957.407021785746
20.jpg,Original_Dataset/Orignal-Dataset\Red_Soil\20.jpg,12021.831966225689
120.jpg,Original_Dataset/Orignal-Dataset\Laterite_Soil\120.jpg,12046.788934077698
128a.jpg,Original_Dataset/Orignal-Dataset\Laterite_Soil\128a.jpg,12090.654589752161
234.jpg,Original_Dataset/Orignal-Dataset\Laterite_Soil\234.jpg,12154.435513902505
57.jpg,Original_Dataset/Orignal-Dataset\Laterite_Soil\57.jpg,12154.435513902505
128.jpg,Original_Dataset/Orignal-Dataset\Laterite_Soil\128.jpg,12156.721393391606
23.jpg,Original_Dataset/Orignal-Dataset\Laterite_Soil\23.jpg,12164.552019155948
282.jpg,Original_Dataset/Orignal-Dataset\Laterite_Soil\282.jpg,12164.552019155948
5.jpg,Original_Dataset/Orignal-Dataset\Alluvial_Soil\5.jpg,12199.919997885901
155.jpg,Original_Dataset/Orignal-Dataset\Laterite_Soil\155.jpg,12205.751984026794
163.jpg,Original_Dataset/Orignal-Dataset\Laterite_Soil\163.jpg,12230.655418667951
29.jpg,Original_Dataset/Orignal-Dataset\Laterite_Soil\29.jpg,12253.350019856194
108a.jpg,Original_Dataset/Orignal-Dataset\Laterite_Soil\108a.jpg,12315.408256160834
65.jpg,Original_Dataset/Orignal-Dataset\Black_Soil\65.jpg,12469.759439784471
181.jpg,Original_Dataset/Orignal-Dataset\Black_Soil\181.jpg,12469.759439784471
92.jpg,Original_Dataset/Orignal-Dataset\Mountain_Soil\92.jpg,12690.174550848227
163a.jpg,Original_Dataset/Orignal-Dataset\Laterite_Soil\163a.jpg,12971.056231536448
17.jpg,Original_Dataset/Orignal-Dataset\Arid_Soil\17.jpg,13147.2839348775
18c.jpg,Original_Dataset/Orignal-Dataset\Red_Soil\18c.jpg,13265.32668811771
114.jpg,Original_Dataset/Orignal-Dataset\Arid_Soil\114.jpg,13272.097424687443
95.jpg,Original_Dataset/Orignal-Dataset\Laterite_Soil\95.jpg,13310.76129182128
86.jpg,Original_Dataset/Orignal-Dataset\Laterite_Soil\86.jpg,13430.28126499796
21.jpg,Original_Dataset/Orignal-Dataset\Black_Soil\21.jpg,13501.94129729426
41.jpg,Original_Dataset/Orignal-Dataset\Laterite_Soil\41.jpg,13606.767015958989
142.jpg,Original_Dataset/Orignal-Dataset\Laterite_Soil\142.jpg,13694.521270583484
163b.jpg,Original_Dataset/Orignal-Dataset\Laterite_Soil\163b.jpg,13780.831317872598
18a.jpg,Original_Dataset/Orignal-Dataset\Red_Soil\18a.jpg,13826.917117458554
20c.jpg,Original_Dataset/Orignal-Dataset\Red_Soil\20c.jpg,13841.53545042922
27.jpg,Original_Dataset/Orignal-Dataset\Laterite_Soil\27.jpg,13844.11575446784
81.jpg,Original_Dataset/Orignal-Dataset\Laterite_Soil\81.jpg,13844.11575446784
88.jpg,Original_Dataset/Orignal-Dataset\Laterite_Soil\88.jpg,13844.903153157715
179.jpg,Original_Dataset/Orignal-Dataset\Laterite_Soil\179.jpg,14124.931986683354
10.jpg,Original_Dataset/Orignal-Dataset\Black_Soil\10.jpg,14147.349167777007
121.jpg,Original_Dataset/Orignal-Dataset\Laterite_Soil\121.jpg,14535.463552813895
108.jpg,Original_Dataset/Orignal-Dataset\Laterite_Soil\108.jpg,15007.445805824604
288b.jpg,Original_Dataset/Orignal-Dataset\Laterite_Soil\288b.jpg,15254.197082604687
13.jpg,Original_Dataset/Orignal-Dataset\Mountain_Soil\13.jpg,15300.592423211136
226.jpg,Original_Dataset/Orignal-Dataset\Mountain_Soil\226.jpg,15300.592423211136
12.jpg,Original_Dataset/Orignal-Dataset\Alluvial_Soil\12.jpg,15365.91454801015
229.jpg,Original_Dataset/Orignal-Dataset\Arid_Soil\229.jpg,15419.94763416668
20.jpg,Original_Dataset/Orignal-Dataset\Laterite_Soil\20.jpg,15517.412089630005
184a.jpg,Original_Dataset/Orignal-Dataset\Black_Soil\184a.jpg,15605.118418009512
184.jpg,Original_Dataset/Orignal-Dataset\Black_Soil\184.jpg,15682.425733816508
14.jpg,Original_Dataset/Orignal-Dataset\Black_Soil\14.jpg,15682.425733816508
102.jpg,Original_Dataset/Orignal-Dataset\Laterite_Soil\102.jpg,16018.877548192044
184a.jpg,Original_Dataset/Orignal-Dataset\Laterite_Soil\184a.jpg,16055.495938189773
52.jpg,Original_Dataset/Orignal-Dataset\Laterite_Soil\52.jpg,16345.636878191426
21a.jpg,Original_Dataset/Orignal-Dataset\Black_Soil\21a.jpg,16454.51823583805
167.jpg,Original_Dataset/Orignal-Dataset\Laterite_Soil\167.jpg,16616.98407677727
184.jpg,Original_Dataset/Orignal-Dataset\Laterite_Soil\184.jpg,16617.597477041905
132.jpg,Original_Dataset/Orignal-Dataset\Laterite_Soil\132.jpg,17694.848035768715
102a.jpg,Original_Dataset/Orignal-Dataset\Laterite_Soil\102a.jpg,17875.28505037388
136.jpg,Original_Dataset/Orignal-Dataset\Laterite_Soil\136.jpg,17893.06830170035
184b.jpg,Original_Dataset/Orignal-Dataset\Laterite_Soil\184b.jpg,17978.67292543274
288.jpg,Original_Dataset/Orignal-Dataset\Laterite_Soil\288.jpg,18730.51473253464
77a.jpg,Original_Dataset/Orignal-Dataset\Black_Soil\77a.jpg,18985.055963722058
123.jpg,Original_Dataset/Orignal-Dataset\Laterite_Soil\123.jpg,19087.509762139503
288a.jpg,Original_Dataset/Orignal-Dataset\Laterite_Soil\288a.jpg,19754.046968259725
123a.jpg,Original_Dataset/Orignal-Dataset\Laterite_Soil\123a.jpg,21917.046032169532
26.jpg,Original_Dataset/Orignal-Dataset\Alluvial_Soil\26.jpg,22212.951433353508
10.jpg,Original_Dataset/Orignal-Dataset\Mountain_Soil\10.jpg,22609.195490334598
25.jpg,Original_Dataset/Orignal-Dataset\Arid_Soil\25.jpg,23245.064542944983
142.jpg,Original_Dataset/Orignal-Dataset\Black_Soil\142.jpg,23506.35514510638
14.jpg,Original_Dataset/Orignal-Dataset\Laterite_Soil\14.jpg,25362.179153746598
213.jpg,Original_Dataset/Orignal-Dataset\Black_Soil\213.jpg,25824.012683594876
67.jpg,Original_Dataset/Orignal-Dataset\Black_Soil\67.jpg,25824.012683594876
230.jpg,Original_Dataset/Orignal-Dataset\Laterite_Soil\230.jpg,26575.004299692988
269.jpg,Original_Dataset/Orignal-Dataset\Laterite_Soil\269.jpg,35394.765488788085
18.jpg,Original_Dataset/Orignal-Dataset\Alluvial_Soil\18.jpg,37637.918101978044
